"rgn_id","year","taxa_code","sust_coeff"
84,2023,"European eel_507",0.688311688311688
214,2023,"European seabass_1313",0.0909090909090909
84,2023,"Mullets nei_512",0.766233766233766
115,2023,"Gudgeons, sleepers nei_557",0.766233766233766
115,2023,"Mullets nei_559",0.766233766233766
135,2023,"Whiteleg shrimp_616",0.337662337662338
15,2023,"Barramundi(=Giant seaperch)_95",0.883116883116883
191,2023,"Rainbow trout_1071",0.883116883116883
106,2023,"Giant tiger prawn_540",0.883116883116883
196,2023,"Mullets nei_1073",0.766233766233766
66,2023,"Oysters_387",0.87012987012987
65,2023,"Oysters_385",0.87012987012987
196,2023,"Penaeus shrimps nei_1074",0.883116883116883
182,2023,"Whiteleg shrimp_963",0.883116883116883
182,2023,"European seabass_894",0.571428571428571
182,2023,"Gilthead seabream_900",0.571428571428571
66,2023,"Mussels_386",0.87012987012987
62,2023,"Oysters_381",0.87012987012987
66,2023,"Oysters_388",0.87012987012987
66,2023,"Oysters_389",0.87012987012987
62,2023,"Scallops_384",0.87012987012987
182,2023,"Seaweed_950",0.87012987012987
196,2023,"Snappers nei_1075",0.766233766233766
143,2023,"Arctic char_651",0.883116883116883
183,2023,"Atlantic ditch shrimp_965",0.766233766233766
182,2023,"Atlantic ditch shrimp_869",0.766233766233766
183,2023,"Atlantic salmon_966",0.883116883116883
143,2023,"Atlantic salmon_655",0.883116883116883
182,2023,"Caramote prawn_874",0.883116883116883
182,2023,"Cockles_877",0.883116883116883
182,2023,"Cockles_928",0.883116883116883
182,2023,"Common prawn_879",0.766233766233766
183,2023,"Common sole_973",0.883116883116883
183,2023,"Common sole_1004",0.883116883116883
182,2023,"Corrugated venus_883",0.883116883116883
183,2023,"European eel_977",0.688311688311688
175,2023,"European eel_765",0.688311688311688
182,2023,"European eel_888",0.688311688311688
183,2023,"European seabass_980",0.571428571428571
176,2023,"European seabass_775",0.883116883116883
182,2023,"European seabass_893",0.571428571428571
175,2023,"European whitefish_767",0.883116883116883
182,2023,"Giant tiger prawn_897",0.883116883116883
183,2023,"Gilthead seabream_983",0.571428571428571
182,2023,"Gilthead seabream_901",0.571428571428571
182,2023,"Grooved carpet shell_908",0.883116883116883
182,2023,"Japanese carpet shell_913",0.883116883116883
179,2023,"Kuruma prawn_809",0.766233766233766
183,2023,"Kuruma prawn_988",0.883116883116883
182,2023,"Kuruma prawn_916",0.883116883116883
180,2023,"Marine fishes nei_838",0.766233766233766
182,2023,"Meagre_923",0.558441558441558
183,2023,"Mullets nei_992",0.766233766233766
182,2023,"Mullets nei_926",0.766233766233766
183,2023,"Oysters_993",0.87012987012987
182,2023,"Oysters_931",0.87012987012987
182,2023,"Palaemonid shrimps nei_933",0.766233766233766
176,2023,"Rainbow trout_777",0.883116883116883
180,2023,"Rainbow trout_844",0.883116883116883
175,2023,"Rainbow trout_769",0.883116883116883
175,2023,"Sea trout_771",0.597402597402597
183,2023,"Seabasses nei_998",0.766233766233766
183,2023,"Seaweed_995",0.87012987012987
182,2023,"Seaweed_942",0.87012987012987
182,2023,"Senegalese sole_945",0.883116883116883
143,2023,"Senegalese sole_661",0.883116883116883
183,2023,"Senegalese sole_999",0.883116883116883
182,2023,"Soles nei_947",0.766233766233766
182,2023,"Spotted seabass_952",0.766233766233766
182,2023,"Turbot_955",0.883116883116883
177,2023,"Turbot_783",0.883116883116883
183,2023,"Turbot_1002",0.883116883116883
227,2023,"Turbot_1456",0.883116883116883
228,2023,"Turbot_1463",0.883116883116883
182,2023,"White seabream_961",0.571428571428571
177,2023,"Yellowtail amberjack_784",0.883116883116883
175,2023,"Yellowtail amberjack_773",0.883116883116883
143,2023,"Abalones_650",0.909090909090909
227,2023,"Abalones_1455",0.909090909090909
228,2023,"Abalones_1462",0.909090909090909
181,2023,"Abalones_848",0.909090909090909
179,2023,"Abalones_823",0.909090909090909
182,2023,"Abalones_911",0.909090909090909
181,2023,"Aquatic invertebrates nei_849",0.818181818181818
182,2023,"Aquatic invertebrates nei_864",0.818181818181818
183,2023,"Atlantic bluefin tuna_964",0.571428571428571
182,2023,"Atlantic bluefin tuna_867",0.571428571428571
223,2023,"Atlantic cod_1418",0.883116883116883
143,2023,"Atlantic cod_652",0.883116883116883
180,2023,"Atlantic cod_827",0.883116883116883
143,2023,"Atlantic halibut_653",0.883116883116883
180,2023,"Atlantic halibut_828",0.883116883116883
223,2023,"Atlantic halibut_1419",0.883116883116883
223,2023,"Atlantic salmon_1420",0.467532467532468
180,2023,"Atlantic salmon_829",0.38961038961039
181,2023,"Atlantic salmon_850",0.883116883116883
143,2023,"Atlantic salmon_654",0.883116883116883
141,2023,"Atlantic salmon_645",0.545454545454545
222,2023,"Atlantic salmon_1414",0.883116883116883
174,2023,"Atlantic salmon_755",0.883116883116883
182,2023,"Atlantic salmon_870",0.883116883116883
179,2023,"Atlantic salmon_785",0.883116883116883
73,2023,"Atlantic salmon_400",0.883116883116883
175,2023,"Atlantic salmon_760",0.883116883116883
182,2023,"Banded carpet shell_871",0.883116883116883
182,2023,"Big-scale sand smelt_872",0.766233766233766
182,2023,"Blackspot seabream_873",0.571428571428571
183,2023,"Blackspot seabream_967",0.571428571428571
223,2023,"Chars nei_1423",0.766233766233766
175,2023,"Clams_763",0.883116883116883
182,2023,"Clams_886",0.883116883116883
183,2023,"Clams_1000",0.883116883116883
179,2023,"Clams_789",0.883116883116883
180,2023,"Clams_840",0.883116883116883
183,2023,"Cockles_971",0.883116883116883
179,2023,"Cockles_792",0.883116883116883
180,2023,"Cockles_831",0.883116883116883
182,2023,"Cockles_876",0.883116883116883
182,2023,"Cockles_929",0.883116883116883
179,2023,"Coho(=Silver) salmon_791",0.883116883116883
175,2023,"Coho(=Silver) salmon_764",0.883116883116883
183,2023,"Common cuttlefish_970",0.818181818181818
183,2023,"Common sole_972",0.883116883116883
182,2023,"Common sole_881",0.883116883116883
183,2023,"Corrugated venus_974",0.883116883116883
182,2023,"Corrugated venus_882",0.883116883116883
183,2023,"Croakers, drums nei_975",0.883116883116883
182,2023,"European eel_887",0.688311688311688
175,2023,"European flounder_766",0.883116883116883
183,2023,"European seabass_979",0.571428571428571
143,2023,"European seabass_657",0.883116883116883
180,2023,"European seabass_834",0.883116883116883
179,2023,"European seabass_799",0.571428571428571
174,2023,"European whitefish_756",0.883116883116883
223,2023,"Finfishes nei_1425",0.766233766233766
179,2023,"Finfishes nei_800",0.766233766233766
183,2023,"Gilthead seabream_982",0.571428571428571
182,2023,"Gilthead seabream_899",0.571428571428571
179,2023,"Gilthead seabream_802",0.571428571428571
183,2023,"Golden carpet shell_984",0.883116883116883
179,2023,"Grooved carpet shell_804",0.883116883116883
183,2023,"Grooved carpet shell_986",0.883116883116883
182,2023,"Grooved carpet shell_907",0.883116883116883
180,2023,"Grooved carpet shell_836",0.883116883116883
227,2023,"Grooved carpet shell_1453",0.883116883116883
228,2023,"Grooved carpet shell_1460",0.883116883116883
182,2023,"Groundfishes nei_910",0.766233766233766
143,2023,"Haddock_658",0.766233766233766
180,2023,"Japanese carpet shell_837",0.883116883116883
181,2023,"Japanese carpet shell_857",0.883116883116883
182,2023,"Japanese carpet shell_912",0.883116883116883
179,2023,"Japanese carpet shell_807",0.883116883116883
183,2023,"Japanese carpet shell_987",0.883116883116883
182,2023,"Mackerels nei_917",0.571428571428571
223,2023,"Marine crustaceans nei_1427",0.818181818181818
183,2023,"Marine fishes nei_989",0.766233766233766
182,2023,"Marine fishes nei_918",0.766233766233766
179,2023,"Marine molluscs nei_812",0.909090909090909
182,2023,"Marine molluscs nei_919",0.909090909090909
183,2023,"Marine molluscs nei_990",0.909090909090909
183,2023,"Meagre_991",0.883116883116883
182,2023,"Meagre_924",0.558441558441558
182,2023,"Mullets nei_925",0.766233766233766
176,2023,"Mussels_774",0.87012987012987
177,2023,"Mussels_779",0.87012987012987
179,2023,"Mussels_786",0.87012987012987
181,2023,"Mussels_852",0.87012987012987
182,2023,"Mussels_939",0.87012987012987
222,2023,"Mussels_1415",0.87012987012987
180,2023,"Mussels_830",0.87012987012987
223,2023,"Mussels_1422",0.87012987012987
183,2023,"Mussels_997",0.87012987012987
73,2023,"Mussels_414",0.87012987012987
227,2023,"Mussels_1450",0.87012987012987
228,2023,"Mussels_1457",0.87012987012987
143,2023,"Mussels_656",0.87012987012987
175,2023,"Mussels_761",0.87012987012987
180,2023,"Mussels_839",0.87012987012987
179,2023,"Mussels_815",0.87012987012987
180,2023,"Mussels_845",0.87012987012987
182,2023,"Octopuses nei_927",0.818181818181818
179,2023,"Oysters_816",0.87012987012987
181,2023,"Oysters_855",0.87012987012987
180,2023,"Oysters_841",0.87012987012987
182,2023,"Oysters_930",0.87012987012987
181,2023,"Oysters_858",0.87012987012987
222,2023,"Oysters_1416",0.87012987012987
176,2023,"Oysters_776",0.87012987012987
223,2023,"Oysters_1428",0.87012987012987
227,2023,"Oysters_1454",0.87012987012987
228,2023,"Oysters_1461",0.87012987012987
177,2023,"Oysters_780",0.87012987012987
177,2023,"Oysters_781",0.87012987012987
183,2023,"Oysters_981",0.87012987012987
183,2023,"Peppery furrow_994",0.87012987012987
179,2023,"Periwinkles nei_818",0.909090909090909
182,2023,"Pollack_935",0.883116883116883
223,2023,"Rainbow trout_1429",0.883116883116883
141,2023,"Rainbow trout_647",0.883116883116883
179,2023,"Rainbow trout_819",0.883116883116883
181,2023,"Rainbow trout_859",0.883116883116883
174,2023,"Rainbow trout_757",0.883116883116883
175,2023,"Rainbow trout_768",0.883116883116883
180,2023,"Rainbow trout_843",0.883116883116883
222,2023,"Rainbow trout_1417",0.883116883116883
70,2023,"Rainbow trout_396",0.883116883116883
143,2023,"Rainbow trout_660",0.883116883116883
182,2023,"Rainbow trout_937",0.883116883116883
174,2023,"Salmonoids nei_758",0.883116883116883
183,2023,"Sargo breams nei_996",0.571428571428571
182,2023,"Scallops_903",0.87012987012987
180,2023,"Scallops_842",0.87012987012987
179,2023,"Scallops_803",0.87012987012987
227,2023,"Scallops_1452",0.87012987012987
228,2023,"Scallops_1459",0.87012987012987
181,2023,"Scallops_856",0.87012987012987
223,2023,"Scallops_1430",0.87012987012987
182,2023,"Scallops_956",0.87012987012987
73,2023,"Sea trout_416",0.597402597402597
179,2023,"Sea trout_821",0.558441558441558
180,2023,"Sea trout_846",0.597402597402597
174,2023,"Sea trout_759",0.597402597402597
179,2023,"Seaweed_825",0.87012987012987
73,2023,"Seaweed_402",0.87012987012987
182,2023,"Seaweed_941",0.87012987012987
181,2023,"Seaweed_851",0.87012987012987
182,2023,"Seaweed_958",0.87012987012987
175,2023,"Seaweed_762",0.87012987012987
175,2023,"Seaweed_770",0.87012987012987
181,2023,"Seaweed_862",0.87012987012987
141,2023,"Seaweed_649",0.87012987012987
223,2023,"Seaweed_1431",0.87012987012987
182,2023,"Senegalese sole_944",0.883116883116883
177,2023,"Soles nei_782",0.766233766233766
182,2023,"Spinous spider crab_949",0.818181818181818
182,2023,"Spotted seabass_951",0.766233766233766
181,2023,"Stony sea urchin_861",0.818181818181818
182,2023,"Striped venus_954",0.883116883116883
179,2023,"Turbot_824",0.883116883116883
176,2023,"Turbot_778",0.883116883116883
181,2023,"Turbot_863",0.883116883116883
183,2023,"Turbot_1001",0.883116883116883
180,2023,"Turbot_847",0.883116883116883
143,2023,"Turbot_662",0.883116883116883
175,2023,"Turbot_772",0.883116883116883
182,2023,"White seabream_960",0.571428571428571
183,2023,"White seabream_1003",0.571428571428571
163,2023,"Blue crab_697",0.818181818181818
218,2023,"Atlantic bluefin tuna_1395",0.558441558441558
218,2023,"Atlantic cod_1396",0.883116883116883
218,2023,"Atlantic salmon_1397",0.51948051948052
163,2023,"Atlantic salmon_696",0.649350649350649
163,2023,"Clams_712",0.883116883116883
218,2023,"Clams_1401",0.883116883116883
218,2023,"Marine molluscs nei_1407",0.909090909090909
163,2023,"Mussels_698",0.87012987012987
218,2023,"Mussels_1399",0.87012987012987
219,2023,"Mussels_1413",0.87012987012987
218,2023,"Oysters_1394",0.87012987012987
218,2023,"Salmonids nei_1410",0.766233766233766
163,2023,"Sand gaper_722",0.87012987012987
218,2023,"Scallops_1411",0.87012987012987
163,2023,"Seaweed_699",0.87012987012987
102,2023,"Giant tiger prawn_525",0.883116883116883
102,2023,"Indian white prawn_527",0.883116883116883
102,2023,"Japanese meagre_528",0.597402597402597
102,2023,"Kuruma prawn_529",0.883116883116883
102,2023,"Seaweed_535",0.87012987012987
102,2023,"Whiteleg shrimp_539",0.883116883116883
102,2023,"Abalones_533",0.909090909090909
101,2023,"Abalones_522",0.909090909090909
102,2023,"Carpet shells nei_523",0.883116883116883
102,2023,"Mullets nei_531",0.766233766233766
102,2023,"Mussels_530",0.87012987012987
101,2023,"Mussels_517",0.87012987012987
102,2023,"Mussels_536",0.87012987012987
101,2023,"Mussels_520",0.87012987012987
102,2023,"Oysters_532",0.87012987012987
101,2023,"Oysters_521",0.87012987012987
102,2023,"Red bait_534",0.818181818181818
101,2023,"Seaweed_519",0.87012987012987
102,2023,"Seaweed_526",0.87012987012987
102,2023,"Smooth mactra_537",0.87012987012987
102,2023,"Turbot_538",0.883116883116883
173,2023,"Penaeus shrimps nei_754",0.805194805194805
171,2023,"Whiteleg shrimp_749",0.883116883116883
171,2023,"Cobia_736",0.883116883116883
171,2023,"Groupers nei_740",0.766233766233766
171,2023,"Marine fishes nei_742",0.766233766233766
171,2023,"Marine molluscs nei_743",0.909090909090909
171,2023,"Mullets nei_744",0.766233766233766
171,2023,"Mussels_748",0.87012987012987
172,2023,"Mussels_750",0.87012987012987
95,2023,"Mussels_515",0.87012987012987
172,2023,"Mussels_751",0.87012987012987
171,2023,"Oysters_737",0.87012987012987
172,2023,"Oysters_752",0.87012987012987
95,2023,"Oysters_516",0.87012987012987
171,2023,"Oysters_745",0.87012987012987
172,2023,"Rainbow trout_753",0.883116883116883
171,2023,"Scallops_746",0.87012987012987
171,2023,"Seaweed_739",0.87012987012987
171,2023,"Snooks(=Robalos) nei_747",0.766233766233766
139,2023,"Blue shrimp_637",0.883116883116883
167,2023,"Flathead grey mullet_731",0.766233766233766
167,2023,"Lebranche mullet_732",0.766233766233766
163,2023,"Northern white shrimp_713",0.909090909090909
135,2023,"Oysters_595",0.87012987012987
135,2023,"Oysters_600",0.87012987012987
115,2023,"Penaeus shrimps nei_560",0.883116883116883
167,2023,"Penaeus shrimps nei_733",0.805194805194805
116,2023,"Penaeus shrimps nei_563",0.662337662337662
163,2023,"Red drum_721",0.87012987012987
112,2023,"Southern white shrimp_549",0.883116883116883
132,2023,"Whiteleg shrimp_585",0.883116883116883
110,2023,"Whiteleg shrimp_545",0.883116883116883
163,2023,"Whiteleg shrimp_725",0.909090909090909
164,2023,"Whiteleg shrimp_727",0.883116883116883
139,2023,"Whiteleg shrimp_641",0.883116883116883
168,2023,"Whiteleg shrimp_735",0.883116883116883
135,2023,"Whiteleg shrimp_615",0.337662337662338
166,2023,"Whiteleg shrimp_730",0.883116883116883
112,2023,"Whiteleg shrimp_551",0.883116883116883
115,2023,"Whiteleg shrimp_561",0.883116883116883
167,2023,"Whitemouth croaker_734",0.597402597402597
110,2023,"Brine shrimp_541",0.766233766233766
110,2023,"Caribbean spiny lobster_542",0.818181818181818
117,2023,"Caribbean spiny lobster_564",0.818181818181818
116,2023,"Cobia_562",0.883116883116883
110,2023,"Cobia_543",0.883116883116883
140,2023,"Cobia_642",0.883116883116883
115,2023,"Cobia_553",0.883116883116883
129,2023,"Cobia_574",0.688311688311688
164,2023,"Cobia_726",0.883116883116883
132,2023,"Cobia_584",0.883116883116883
135,2023,"Crevalle jack_601",0.883116883116883
115,2023,"European seabass_554",0.883116883116883
129,2023,"Florida pompano_575",0.883116883116883
115,2023,"Florida pompano_555",0.883116883116883
115,2023,"Gilthead seabream_556",0.883116883116883
129,2023,"Longfin yellowtail_576",0.883116883116883
111,2023,"Marine crabs nei_546",0.818181818181818
140,2023,"Marine fishes nei_643",0.766233766233766
135,2023,"Marine fishes nei_604",0.766233766233766
115,2023,"Meagre_558",0.883116883116883
139,2023,"Mussels_639",0.87012987012987
163,2023,"Oysters_695",0.87012987012987
112,2023,"Oysters_548",0.87012987012987
166,2023,"Oysters_729",0.87012987012987
115,2023,"Oysters_552",0.87012987012987
111,2023,"Queen conch_547",0.909090909090909
140,2023,"Red drum_644",0.597402597402597
110,2023,"Red drum_544",0.883116883116883
135,2023,"Red drum_610",0.597402597402597
122,2023,"Seaweed_569",0.87012987012987
139,2023,"Seaweed_638",0.87012987012987
120,2023,"Seaweed_567",0.87012987012987
139,2023,"Seaweed_640",0.87012987012987
164,2023,"Seaweed_728",0.87012987012987
127,2023,"Seaweed_572",0.87012987012987
119,2023,"Seaweed_566",0.87012987012987
125,2023,"Seaweed_570",0.87012987012987
244,2023,"Stromboid conchs nei_1474",0.909090909090909
245,2023,"Stromboid conchs nei_1475",0.909090909090909
250,2023,"Stromboid conchs nei_1488",0.909090909090909
112,2023,"Tropical spiny lobsters nei_550",0.818181818181818
179,2023,"European eel_794",0.688311688311688
143,2023,"Rainbow trout_659",0.883116883116883
182,2023,"Whiteleg shrimp_962",0.883116883116883
216,2023,"Akiami paste shrimp_1321",0.766233766233766
206,2023,"Banana prawn_1105",0.493506493506494
206,2023,"Barramundi(=Giant seaperch)_1107",0.883116883116883
25,2023,"Barramundi(=Giant seaperch)_248",0.883116883116883
40,2023,"Barramundi(=Giant seaperch)_287",0.883116883116883
16,2023,"Barramundi(=Giant seaperch)_129",0.883116883116883
203,2023,"Barramundi(=Giant seaperch)_1081",0.883116883116883
203,2023,"Giant tiger prawn_1082",0
206,2023,"Giant tiger prawn_1123",0.493506493506494
40,2023,"Giant tiger prawn_290",0.883116883116883
25,2023,"Giant tiger prawn_255",0.883116883116883
205,2023,"Giant tiger prawn_1099",1
204,2023,"Giant tiger prawn_1090",0.649350649350649
206,2023,"Greasy grouper_1126",0.766233766233766
25,2023,"Groupers nei_259",0.766233766233766
203,2023,"Indian white prawn_1085",0.0649350649350649
204,2023,"Indian white prawn_1091",0.649350649350649
206,2023,"Indo-Pacific swamp crab_1133",0.818181818181818
16,2023,"Indo-Pacific swamp crab_146",0.818181818181818
40,2023,"Indo-Pacific swamp crab_292",0.818181818181818
231,2023,"Indo-Pacific swamp crab_1465",0.818181818181818
204,2023,"Marine fishes nei_1092",0.766233766233766
203,2023,"Marine fishes nei_1086",0.766233766233766
231,2023,"Milkfish_1466",0.766233766233766
40,2023,"Milkfish_293",0.766233766233766
205,2023,"Orange mud crab_1102",0.818181818181818
203,2023,"Orange mud crab_1087",0.818181818181818
204,2023,"Orange mud crab_1093",0.818181818181818
16,2023,"Oysters_150",0.87012987012987
40,2023,"Oysters_291",0.87012987012987
204,2023,"Penaeus shrimps nei_1094",0.649350649350649
231,2023,"Penaeus shrimps nei_1467",0.883116883116883
205,2023,"Penaeus shrimps nei_1103",1
40,2023,"Seaweed_289",0.87012987012987
206,2023,"Snappers nei_1146",0.766233766233766
204,2023,"Speckled shrimp_1095",0.649350649350649
40,2023,"Tropical spiny lobsters nei_294",0.818181818181818
25,2023,"Whiteleg shrimp_267",0.454545454545455
203,2023,"Whiteleg shrimp_1089",0.311688311688312
206,2023,"Whiteleg shrimp_1154",0.506493506493507
231,2023,"Whiteleg shrimp_1468",0.883116883116883
40,2023,"Whiteleg shrimp_295",0.883116883116883
205,2023,"Whiteleg shrimp_1104",0.883116883116883
25,2023,"[Scylla spp]_268",0.909090909090909
16,2023,"Abalones_123",0.909090909090909
205,2023,"Aquatic invertebrates nei_1096",0.818181818181818
16,2023,"Atlantic salmon_125",0.883116883116883
205,2023,"Barramundi(=Giant seaperch)_1097",0.883116883116883
40,2023,"Barramundi(=Giant seaperch)_288",0.883116883116883
206,2023,"Blacktip grouper_1109",0.766233766233766
206,2023,"Blood cockle_1111",0.883116883116883
25,2023,"Blood cockle_250",0.883116883116883
206,2023,"Brown-marbled grouper_1115",0.766233766233766
16,2023,"Finfishes nei_139",0.766233766233766
206,2023,"Fourfinger threadfin_1120",0.766233766233766
206,2023,"Giant grouper_1121",0.766233766233766
205,2023,"Groupers nei_1100",0.766233766233766
206,2023,"Groupers nei_1130",0.766233766233766
206,2023,"Humpback grouper_1132",0.766233766233766
205,2023,"Indo-Pacific swamp crab_1101",0.818181818181818
206,2023,"Jacks, crevalles nei_1135",0.883116883116883
206,2023,"John's snapper_1137",0.766233766233766
206,2023,"Mangrove red snapper_1140",0.766233766233766
206,2023,"Marine fishes nei_1142",0.766233766233766
16,2023,"Marine fishes nei_148",0.766233766233766
16,2023,"Mussels_126",0.87012987012987
206,2023,"Mussels_1128",0.87012987012987
25,2023,"Mussels_257",0.87012987012987
16,2023,"Oysters_156",0.87012987012987
25,2023,"Oysters_252",0.87012987012987
206,2023,"Oysters_1116",0.87012987012987
203,2023,"Seaweed_1088",0.87012987012987
231,2023,"Seaweed_1464",0.87012987012987
205,2023,"Seaweed_1098",0.87012987012987
206,2023,"Snubnose pompano_1149",0.883116883116883
16,2023,"Southern bluefin tuna_155",0.649350649350649
206,2023,"Tiger-dragon grouper, hybrid_1151",0.766233766233766
54,2023,"Barramundi(=Giant seaperch)_339",0.883116883116883
50,2023,"Giant tiger prawn_320",0.883116883116883
31,2023,"Giant tiger prawn_272",0.883116883116883
37,2023,"Giant tiger prawn_279",0.883116883116883
42,2023,"Giant tiger prawn_302",0.883116883116883
41,2023,"Giant tiger prawn_297",0.883116883116883
54,2023,"Giant tiger prawn_341",0.883116883116883
202,2023,"Giant tiger prawn_1077",0.883116883116883
54,2023,"Green tiger prawn_345",0.883116883116883
48,2023,"Green tiger prawn_312",0.883116883116883
191,2023,"Indian white prawn_1069",0.883116883116883
50,2023,"Indian white prawn_324",0.883116883116883
54,2023,"Indian white prawn_346",0.883116883116883
48,2023,"Indian white prawn_313",0.883116883116883
41,2023,"Indian white prawn_298",0.883116883116883
47,2023,"Indian white prawn_310",0.883116883116883
202,2023,"Indo-Pacific swamp crab_1078",0.818181818181818
42,2023,"Indo-Pacific swamp crab_303",0.818181818181818
32,2023,"Marine fishes nei_275",0.766233766233766
45,2023,"Marine fishes nei_308",0.766233766233766
202,2023,"Milkfish_1079",0.766233766233766
43,2023,"Milkfish_305",0.766233766233766
54,2023,"Orange-spotted grouper_348",0.766233766233766
43,2023,"Penaeus shrimps nei_306",0.883116883116883
53,2023,"Penaeus shrimps nei_338",0.467532467532468
45,2023,"Penaeus shrimps nei_309",0.883116883116883
190,2023,"White-spotted spinefoot_1066",0.766233766233766
191,2023,"Whiteleg shrimp_1072",0.883116883116883
50,2023,"Whiteleg shrimp_328",0.883116883116883
54,2023,"Yellowtail amberjack_352",0.883116883116883
50,2023,"Barramundi(=Giant seaperch)_317",0.883116883116883
32,2023,"Cobia_273",0.883116883116883
29,2023,"Cobia_270",0.883116883116883
50,2023,"Croakers, drums nei_318",0.883116883116883
32,2023,"Drums nei_274",0.597402597402597
54,2023,"European seabass_340",0.883116883116883
37,2023,"European seabass_278",0.883116883116883
191,2023,"European seabass_1068",0.883116883116883
50,2023,"Flathead grey mullet_319",0.766233766233766
48,2023,"Gilthead seabream_311",0.883116883116883
51,2023,"Gilthead seabream_329",0.883116883116883
54,2023,"Gilthead seabream_342",0.883116883116883
52,2023,"Gilthead seabream_334",0.883116883116883
50,2023,"Gilthead seabream_321",0.883116883116883
50,2023,"Goldlined seabream_322",0.883116883116883
54,2023,"Goldlined seabream_343",0.883116883116883
37,2023,"Goldlined seabream_280",0.701298701298701
51,2023,"Goldsilk seabream_330",0.883116883116883
54,2023,"Greasy grouper_344",0.766233766233766
50,2023,"Groupers nei_323",0.766233766233766
37,2023,"Indo-Pacific swamp crab_282",0.818181818181818
41,2023,"Japanese meagre_299",0.597402597402597
37,2023,"Japanese meagre_283",0.597402597402597
37,2023,"Marine fishes nei_284",0.766233766233766
51,2023,"Marine fishes nei_331",0.766233766233766
191,2023,"Marine fishes nei_1070",0.766233766233766
50,2023,"Meagre_325",0.883116883116883
54,2023,"Mullets nei_347",0.766233766233766
203,2023,"Mussels_1083",0.87012987012987
51,2023,"Orange-spotted grouper_332",0.766233766233766
52,2023,"Orange-spotted grouper_335",0.766233766233766
37,2023,"Oysters_281",0.87012987012987
203,2023,"Oysters_1084",0.87012987012987
54,2023,"Oysters_349",0.87012987012987
32,2023,"Pargo breams nei_276",0.701298701298701
48,2023,"Porgies, seabreams nei_314",0.883116883116883
32,2023,"Red drum_277",0.597402597402597
29,2023,"Red drum_271",0.597402597402597
37,2023,"Red drum_285",0.597402597402597
42,2023,"Sea cucumbers nei_304",0.818181818181818
202,2023,"Seaweed_1080",0.87012987012987
42,2023,"Seaweed_301",0.87012987012987
41,2023,"Seaweed_296",0.87012987012987
41,2023,"Seaweed_300",0.87012987012987
43,2023,"Seaweed_307",0.87012987012987
52,2023,"Sobaity seabream_336",0.883116883116883
51,2023,"Sobaity seabream_333",0.883116883116883
54,2023,"Sobaity seabream_350",0.883116883116883
50,2023,"Sobaity seabream_326",0.883116883116883
50,2023,"Spinefeet(=Rabbitfishes) nei_327",0.766233766233766
37,2023,"Spinefeet(=Rabbitfishes) nei_286",0.766233766233766
54,2023,"White-spotted spinefoot_351",0.766233766233766
52,2023,"White-spotted spinefoot_337",0.766233766233766
190,2023,"Yellowfin seabream_1067",0.779220779220779
48,2023,"Yellowfin seabream_315",0.883116883116883
48,2023,"Yellowfin tuna_316",0.571428571428571
182,2023,"Atlantic ditch shrimp_868",0.766233766233766
75,2023,"Baltic prawn_421",0.766233766233766
79,2023,"Barramundi(=Giant seaperch)_451",0.883116883116883
84,2023,"Caramote prawn_505",0.883116883116883
62,2023,"Clams_373",0.883116883116883
184,2023,"Common prawn_1006",0.766233766233766
84,2023,"Common sole_506",0.883116883116883
80,2023,"Common sole_464",0.883116883116883
184,2023,"Common two-banded seabream_1008",0.571428571428571
184,2023,"European eel_1011",0.688311688311688
186,2023,"European eel_1044",0.688311688311688
62,2023,"European eel_374",0.688311688311688
80,2023,"European eel_465",0.688311688311688
75,2023,"European flounder_422",0.883116883116883
184,2023,"European seabass_1014",0.571428571428571
61,2023,"European seabass_359",0.883116883116883
179,2023,"European seabass_797",0.571428571428571
80,2023,"European seabass_469",0.571428571428571
79,2023,"European seabass_453",0.883116883116883
78,2023,"European seabass_448",0.883116883116883
184,2023,"Flathead grey mullet_1016",0.766233766233766
61,2023,"Flathead grey mullet_361",0.766233766233766
80,2023,"Flathead grey mullet_470",0.766233766233766
184,2023,"Giant tiger prawn_1018",0.883116883116883
80,2023,"Giant tiger prawn_472",0.883116883116883
184,2023,"Gilthead seabream_1019",0.571428571428571
61,2023,"Gilthead seabream_362",0.883116883116883
80,2023,"Gilthead seabream_473",0.571428571428571
214,2023,"Gilthead seabream_1315",0.0779220779220779
79,2023,"Gilthead seabream_455",0.883116883116883
78,2023,"Gilthead seabream_449",0.883116883116883
75,2023,"Gobies nei_423",0.766233766233766
184,2023,"Green tiger prawn_1022",0.883116883116883
184,2023,"Grooved carpet shell_1023",0.883116883116883
62,2023,"Grooved carpet shell_378",0.883116883116883
81,2023,"Indian white prawn_494",0.883116883116883
184,2023,"Japanese carpet shell_1025",0.883116883116883
182,2023,"Kuruma prawn_915",0.883116883116883
184,2023,"Kuruma prawn_1027",0.883116883116883
80,2023,"Kuruma prawn_475",0.883116883116883
82,2023,"Kuruma prawn_503",0.883116883116883
214,2023,"Marine fishes nei_1316",0.766233766233766
79,2023,"Marine fishes nei_457",0.766233766233766
80,2023,"Marine fishes nei_477",0.766233766233766
184,2023,"Meagre_1030",0.558441558441558
182,2023,"Meagre_922",0.558441558441558
214,2023,"Meagre_1317",0.038961038961039
80,2023,"Mediterranean shore crab_481",0.818181818181818
214,2023,"Mullets nei_1318",0.766233766233766
75,2023,"Mullets nei_426",0.766233766233766
184,2023,"Mullets nei_1034",0.766233766233766
184,2023,"Mussels_1032",0.87012987012987
61,2023,"Mussels_368",0.87012987012987
76,2023,"Natantian decapods nei_438",0.818181818181818
184,2023,"Oysters_1013",0.87012987012987
61,2023,"Oysters_370",0.87012987012987
184,2023,"Oysters_1035",0.87012987012987
62,2023,"Penaeus shrimps nei_382",0.883116883116883
214,2023,"Penaeus shrimps nei_1319",0.883116883116883
84,2023,"Penaeus shrimps nei_514",0.883116883116883
182,2023,"Pod razor shell_934",0.87012987012987
184,2023,"Porgies, seabreams nei_1037",0.571428571428571
79,2023,"Red drum_459",0.597402597402597
184,2023,"Seaweed_1021",0.87012987012987
80,2023,"Sharpsnout seabream_485",0.571428571428571
75,2023,"So-iuy mullet_427",0.766233766233766
61,2023,"Thinlip grey mullet_372",0.766233766233766
80,2023,"White seabream_489",0.571428571428571
184,2023,"White seabream_1042",0.571428571428571
78,2023,"Whiteleg shrimp_450",0.883116883116883
214,2023,"Whiteleg shrimp_1320",0.883116883116883
184,2023,"[Mugil spp]_1043",0.766233766233766
182,2023,"Atlantic bluefin tuna_866",0.571428571428571
187,2023,"Atlantic bluefin tuna_1049",0.571428571428571
184,2023,"Atlantic bluefin tuna_1005",0.571428571428571
61,2023,"Atlantic bluefin tuna_353",0.571428571428571
76,2023,"Atlantic bluefin tuna_428",0.571428571428571
81,2023,"Atlantic bluefin tuna_490",0.571428571428571
68,2023,"Atlantic bluefin tuna_392",0.571428571428571
80,2023,"Atlantic bluefin tuna_461",0.571428571428571
76,2023,"Atlantic salmon_429",0.883116883116883
76,2023,"Bluespotted seabream_430",0.532467532467532
61,2023,"Carpet shells nei_354",0.883116883116883
80,2023,"Clams_487",0.883116883116883
184,2023,"Clams_1040",0.883116883116883
188,2023,"Clams_1060",0.883116883116883
61,2023,"Common cuttlefish_355",0.818181818181818
182,2023,"Common dentex_875",0.571428571428571
232,2023,"Common dentex_1469",0.883116883116883
187,2023,"Common dentex_1050",0.571428571428571
80,2023,"Common dentex_462",0.571428571428571
76,2023,"Common dentex_431",0.532467532467532
80,2023,"Common pandora_463",0.571428571428571
81,2023,"Common pandora_491",0.571428571428571
182,2023,"Common sole_880",0.883116883116883
61,2023,"Common sole_356",0.883116883116883
184,2023,"Common sole_1007",0.883116883116883
76,2023,"Common two-banded seabream_432",0.532467532467532
61,2023,"European eel_357",0.688311688311688
184,2023,"European eel_1012",0.688311688311688
80,2023,"European eel_466",0.688311688311688
80,2023,"European seabass_468",0.571428571428571
81,2023,"European seabass_492",0.571428571428571
84,2023,"European seabass_508",0.883116883116883
179,2023,"European seabass_798",0.571428571428571
182,2023,"European seabass_892",0.571428571428571
186,2023,"European seabass_1046",0.883116883116883
184,2023,"European seabass_1015",0.571428571428571
76,2023,"European seabass_433",0.532467532467532
62,2023,"European seabass_376",0.883116883116883
68,2023,"European seabass_393",0.571428571428571
187,2023,"European seabass_1052",0.571428571428571
188,2023,"European seabass_1061",0.571428571428571
79,2023,"European seabass_452",0.883116883116883
67,2023,"European seabass_390",0.883116883116883
232,2023,"European seabass_1471",0.883116883116883
82,2023,"European seabass_501",0.883116883116883
61,2023,"European seabass_360",0.883116883116883
73,2023,"Flatfishes nei_407",0.766233766233766
80,2023,"Flathead grey mullet_471",0.766233766233766
184,2023,"Flathead grey mullet_1017",0.766233766233766
182,2023,"Gastropods nei_896",0.909090909090909
79,2023,"Gilthead seabream_454",0.883116883116883
80,2023,"Gilthead seabream_474",0.571428571428571
84,2023,"Gilthead seabream_509",0.883116883116883
179,2023,"Gilthead seabream_801",0.571428571428571
186,2023,"Gilthead seabream_1047",0.883116883116883
182,2023,"Gilthead seabream_898",0.571428571428571
76,2023,"Gilthead seabream_434",0.532467532467532
81,2023,"Gilthead seabream_493",0.571428571428571
62,2023,"Gilthead seabream_377",0.883116883116883
184,2023,"Gilthead seabream_1020",0.571428571428571
68,2023,"Gilthead seabream_394",0.571428571428571
187,2023,"Gilthead seabream_1053",0.571428571428571
188,2023,"Gilthead seabream_1062",0.883116883116883
67,2023,"Gilthead seabream_391",0.883116883116883
82,2023,"Gilthead seabream_502",0.883116883116883
232,2023,"Gilthead seabream_1472",0.883116883116883
61,2023,"Gilthead seabream_363",0.883116883116883
182,2023,"Greater amberjack_904",0.883116883116883
182,2023,"Green crab_905",0.818181818181818
84,2023,"Grooved carpet shell_510",0.883116883116883
184,2023,"Grooved carpet shell_1024",0.883116883116883
61,2023,"Groupers nei_364",0.766233766233766
184,2023,"Japanese carpet shell_1026",0.883116883116883
184,2023,"Kuruma prawn_1028",0.883116883116883
81,2023,"Marbled spinefoot_495",0.766233766233766
61,2023,"Marine crustaceans nei_365",0.818181818181818
61,2023,"Marine fishes nei_366",0.766233766233766
62,2023,"Marine fishes nei_379",0.766233766233766
80,2023,"Marine fishes nei_476",0.766233766233766
179,2023,"Marine fishes nei_811",0.766233766233766
79,2023,"Marine fishes nei_456",0.766233766233766
187,2023,"Marine fishes nei_1055",0.766233766233766
184,2023,"Marine fishes nei_1029",0.766233766233766
76,2023,"Marine fishes nei_435",0.766233766233766
68,2023,"Marine fishes nei_395",0.766233766233766
80,2023,"Marine molluscs nei_478",0.909090909090909
179,2023,"Meagre_813",0.558441558441558
184,2023,"Meagre_1031",0.558441558441558
182,2023,"Meagre_921",0.558441558441558
81,2023,"Meagre_496",0.558441558441558
187,2023,"Meagre_1056",0.558441558441558
80,2023,"Meagre_479",0.558441558441558
76,2023,"Meagre_436",0.51948051948052
61,2023,"Meagre_367",0.883116883116883
73,2023,"Mullets nei_410",0.766233766233766
75,2023,"Mullets nei_425",0.766233766233766
186,2023,"Mussels_1048",0.87012987012987
184,2023,"Mussels_1033",0.87012987012987
80,2023,"Mussels_480",0.87012987012987
82,2023,"Mussels_504",0.87012987012987
71,2023,"Mussels_397",0.87012987012987
84,2023,"Mussels_511",0.87012987012987
73,2023,"Mussels_409",0.87012987012987
75,2023,"Mussels_424",0.87012987012987
187,2023,"Mussels_1057",0.87012987012987
188,2023,"Mussels_1063",0.87012987012987
76,2023,"Mussels_437",0.87012987012987
62,2023,"Mussels_380",0.87012987012987
232,2023,"Mussels_1473",0.87012987012987
72,2023,"Mussels_398",0.87012987012987
61,2023,"Octopuses nei_369",0.818181818181818
186,2023,"Oysters_1045",0.87012987012987
84,2023,"Oysters_513",0.87012987012987
187,2023,"Oysters_1051",0.87012987012987
80,2023,"Oysters_467",0.87012987012987
184,2023,"Oysters_1010",0.87012987012987
232,2023,"Oysters_1470",0.87012987012987
73,2023,"Oysters_405",0.87012987012987
187,2023,"Pargo breams nei_1058",0.571428571428571
76,2023,"Pink dentex_439",0.532467532467532
184,2023,"Porgies, seabreams nei_1036",0.571428571428571
76,2023,"Porgies, seabreams nei_440",0.532467532467532
76,2023,"Rainbow trout_441",0.883116883116883
74,2023,"Rainbow trout_420",0.883116883116883
79,2023,"Red drum_458",0.597402597402597
80,2023,"Red porgy_482",0.571428571428571
81,2023,"Red porgy_497",0.571428571428571
76,2023,"Red porgy_442",0.532467532467532
81,2023,"Red seabream_498",0.571428571428571
76,2023,"Redbanded seabream_443",0.532467532467532
61,2023,"Sargo breams nei_371",0.883116883116883
187,2023,"Scallops_1054",0.87012987012987
80,2023,"Sciaenas nei_483",0.558441558441558
76,2023,"Sciaenas nei_444",0.51948051948052
62,2023,"Seaweed_383",0.87012987012987
182,2023,"Senegalese sole_943",0.883116883116883
81,2023,"Sharpsnout seabream_499",0.571428571428571
184,2023,"Sharpsnout seabream_1038",0.571428571428571
187,2023,"Sharpsnout seabream_1059",0.571428571428571
188,2023,"Sharpsnout seabream_1064",0.883116883116883
80,2023,"Sharpsnout seabream_484",0.571428571428571
76,2023,"Sharpsnout seabream_445",0.532467532467532
81,2023,"Shi drum_500",0.558441558441558
184,2023,"Shi drum_1039",0.558441558441558
80,2023,"Shi drum_486",0.558441558441558
76,2023,"Shi drum_446",0.51948051948052
182,2023,"Soles nei_948",0.766233766233766
79,2023,"Striped bass, hybrid_460",0.883116883116883
182,2023,"Striped bass, hybrid_953",0.883116883116883
76,2023,"Trouts nei_447",0.51948051948052
182,2023,"Warty venus_959",0.883116883116883
188,2023,"Warty venus_1065",0.883116883116883
80,2023,"White seabream_488",0.571428571428571
179,2023,"White seabream_826",0.571428571428571
184,2023,"White seabream_1041",0.571428571428571
147,2023,"Barramundi(=Giant seaperch)_664",0.883116883116883
129,2023,"Blue shrimp_573",0.883116883116883
147,2023,"Blue shrimp_666",0.883116883116883
134,2023,"Blue shrimp_589",0.883116883116883
131,2023,"Blue shrimp_582",0.285714285714286
153,2023,"Giant tiger prawn_678",0.883116883116883
134,2023,"Marine fishes nei_592",0.766233766233766
153,2023,"Milkfish_679",0.766233766233766
155,2023,"Milkfish_688",0.766233766233766
136,2023,"Mussels_620",0.87012987012987
130,2023,"Natantian decapods nei_578",0.818181818181818
135,2023,"Oysters_599",0.87012987012987
136,2023,"Penaeus shrimps nei_619",0.883116883116883
155,2023,"Seaweed_683",0.87012987012987
129,2023,"Whiteleg shrimp_577",0.883116883116883
133,2023,"Whiteleg shrimp_587",0.649350649350649
131,2023,"Whiteleg shrimp_583",0.285714285714286
135,2023,"Whiteleg shrimp_614",0.337662337662338
130,2023,"Whiteleg shrimp_581",0.883116883116883
134,2023,"Whiteleg shrimp_593",0.883116883116883
136,2023,"Whiteleg shrimp_621",0.883116883116883
135,2023,"Abalones_594",0.909090909090909
135,2023,"Abalones_609",0.909090909090909
147,2023,"Barramundi(=Giant seaperch)_663",0.883116883116883
135,2023,"Bastard halibuts nei_596",0.766233766233766
134,2023,"Black ark_588",0.883116883116883
147,2023,"Blue shrimp_667",0.883116883116883
135,2023,"Clams_598",0.883116883116883
152,2023,"Cockles_676",0.883116883116883
155,2023,"Cockles_689",0.883116883116883
153,2023,"Cockles_677",0.883116883116883
135,2023,"Flathead grey mullet_602",0.766233766233766
134,2023,"Grand ark_591",0.883116883116883
135,2023,"Jacks, crevalles nei_603",0.883116883116883
163,2023,"Longfin yellowtail_710",0.883116883116883
147,2023,"Marine fishes nei_668",0.766233766233766
147,2023,"Mussels_670",0.87012987012987
135,2023,"Mussels_611",0.87012987012987
147,2023,"Oysters_669",0.87012987012987
135,2023,"Oysters_608",0.87012987012987
130,2023,"Oysters_579",0.87012987012987
134,2023,"Oysters_590",0.87012987012987
153,2023,"Pacific asaphis_680",0.883116883116883
135,2023,"Pacific bluefin tuna_606",0.376623376623377
153,2023,"Rough turban_681",0.909090909090909
135,2023,"Scallops_607",0.87012987012987
155,2023,"Seaweed_690",0.87012987012987
135,2023,"Seaweed_618",0.87012987012987
147,2023,"Sixfinger threadfin_671",0.766233766233766
135,2023,"Snappers nei_612",0.766233766233766
130,2023,"Spotted rose snapper_580",0.766233766233766
135,2023,"Striped bass_613",0.792207792207792
135,2023,"Yellowfin tuna_617",0.376623376623377
163,2023,"Abalones_720",0.909090909090909
163,2023,"Chinook(=Spring=King) salmon_702",0.883116883116883
218,2023,"Chinook(=Spring=King) salmon_1402",0.844155844155844
163,2023,"Cockles_704",0.883116883116883
163,2023,"Coho(=Silver) salmon_705",0.883116883116883
218,2023,"Coho(=Silver) salmon_1403",0.883116883116883
163,2023,"Japanese carpet shell_709",0.883116883116883
218,2023,"Japanese carpet shell_1404",0.883116883116883
163,2023,"Marine fishes nei_711",0.766233766233766
218,2023,"Marine fishes nei_1405",0.766233766233766
218,2023,"Marine molluscs nei_1406",0.909090909090909
163,2023,"Pacific geoduck_716",0.818181818181818
218,2023,"Rainbow trout_1409",0.818181818181818
163,2023,"Rainbow trout_719",0.87012987012987
14,2023,"Abalones_30",0.909090909090909
14,2023,"Amberjacks nei_32",0.883116883116883
14,2023,"Barramundi(=Giant seaperch)_34",0.883116883116883
20,2023,"Bastard halibut_177",0.766233766233766
14,2023,"Blackhead seabream_36",0.701298701298701
14,2023,"Blue swimming crab_39",0.818181818181818
14,2023,"Clams_40",0.883116883116883
14,2023,"Clams_60",0.883116883116883
14,2023,"Cobia_43",0.883116883116883
14,2023,"Diphos sanguin_45",0.883116883116883
14,2023,"Flathead grey mullet_47",0.766233766233766
20,2023,"Fleshy prawn_183",0.883116883116883
209,2023,"Fleshy prawn_1240",0.597402597402597
14,2023,"Fourfinger threadfin_49",0.766233766233766
14,2023,"Giant tiger prawn_50",0.883116883116883
209,2023,"Giant tiger prawn_1242",0.883116883116883
14,2023,"Greasyback shrimp_51",0.883116883116883
209,2023,"Green mud crab_1246",0.818181818181818
14,2023,"Groupers nei_53",0.766233766233766
14,2023,"Indo-Pacific swamp crab_55",0.818181818181818
14,2023,"Japanese carpet shell_57",0.883116883116883
14,2023,"Japanese eel_58",0.0909090909090909
209,2023,"Japanese seabass_1253",0.766233766233766
14,2023,"Japanese seabass_61",0.766233766233766
14,2023,"Japanese spiny lobster_62",0.818181818181818
210,2023,"Kuruma prawn_1296",0.805194805194805
14,2023,"Kuruma prawn_64",0.883116883116883
20,2023,"Kuruma prawn_200",0.883116883116883
209,2023,"Kuruma prawn_1254",0.597402597402597
209,2023,"Lefteye flounders nei_1256",0.766233766233766
14,2023,"Marine crabs nei_68",0.818181818181818
209,2023,"Marine crabs nei_1258",0.818181818181818
20,2023,"Marine crustaceans nei_202",0.818181818181818
14,2023,"Marine fishes nei_70",0.766233766233766
14,2023,"Marine molluscs nei_72",0.909090909090909
14,2023,"Milkfish_75",0.766233766233766
14,2023,"Natantian decapods nei_76",0.818181818181818
209,2023,"Penaeus shrimps nei_1266",0.597402597402597
14,2023,"Porgies, seabreams nei_78",0.701298701298701
209,2023,"Portunus swimcrabs nei_1269",0.818181818181818
14,2023,"Red seabream_80",0.701298701298701
14,2023,"Redtail prawn_82",0.883116883116883
209,2023,"Righteye flounders nei_1271",0.883116883116883
20,2023,"Righteye flounders nei_215",0.883116883116883
14,2023,"Seaweed_89",0.87012987012987
14,2023,"Snappers, jobfishes nei_84",0.766233766233766
21,2023,"Tiger pufferfish_232",0.766233766233766
209,2023,"Turbot_1280",0.883116883116883
14,2023,"Two-spot red snapper_87",0.766233766233766
14,2023,"Waigieu seaperch_88",0.883116883116883
14,2023,"Whiteleg shrimp_91",0.883116883116883
209,2023,"Whiteleg shrimp_1282",0.337662337662338
20,2023,"Whiteleg shrimp_219",0.883116883116883
209,2023,"[Rhopilema esculentum]_1283",0.818181818181818
20,2023,"Abalones_174",0.909090909090909
14,2023,"Abalones_31",0.909090909090909
209,2023,"Abalones_1229",0.909090909090909
14,2023,"Amberjacks nei_33",0.883116883116883
209,2023,"Amberjacks nei_1230",0.883116883116883
20,2023,"Amberjacks nei_175",0.428571428571429
209,2023,"Aquatic invertebrates nei_1231",0.818181818181818
20,2023,"Aquatic invertebrates nei_176",0.818181818181818
210,2023,"Aquatic invertebrates nei_1284",0.818181818181818
73,2023,"Aquatic invertebrates nei_399",0.818181818181818
209,2023,"Areolate grouper_1232",0.766233766233766
21,2023,"Atlantic salmon_224",0.883116883116883
209,2023,"Barramundi(=Giant seaperch)_1233",0.883116883116883
14,2023,"Barramundi(=Giant seaperch)_35",0.883116883116883
210,2023,"Bastard halibut_1285",0.766233766233766
210,2023,"Blackhead seabream_1286",0.701298701298701
14,2023,"Blackhead seabream_37",0.701298701298701
20,2023,"Blackhead seabream_178",0.701298701298701
20,2023,"Blood cockle_179",0.883116883116883
14,2023,"Blood cockle_38",0.883116883116883
209,2023,"Blood cockle_1234",0.883116883116883
73,2023,"Chum(=Keta=Dog) salmon_403",0.883116883116883
14,2023,"Clams_59",0.883116883116883
20,2023,"Clams_194",0.883116883116883
210,2023,"Clams_1287",0.883116883116883
21,2023,"Clams_225",0.883116883116883
14,2023,"Cobia_42",0.883116883116883
209,2023,"Cobia_1236",0.883116883116883
20,2023,"Cockles_186",0.883116883116883
210,2023,"Coho(=Silver) salmon_1288",0.883116883116883
20,2023,"Convict grouper_180",0.766233766233766
210,2023,"Crimson seabream_1289",0.701298701298701
14,2023,"Croakers, drums nei_44",0.597402597402597
14,2023,"Diphos sanguin_46",0.883116883116883
20,2023,"Dotted gizzard shad_181",0.766233766233766
210,2023,"Filefishes nei_1290",0.766233766233766
20,2023,"Filefishes, leatherjackets nei_182",0.766233766233766
73,2023,"Flatfishes nei_406",0.766233766233766
210,2023,"Flathead grey mullet_1291",0.766233766233766
14,2023,"Flathead grey mullet_48",0.766233766233766
210,2023,"Gazami crab_1292",0.818181818181818
209,2023,"Goldlined seabream_1243",0.701298701298701
209,2023,"Greasy grouper_1245",0.766233766233766
14,2023,"Greater amberjack_52",0.883116883116883
14,2023,"Groupers nei_54",0.766233766233766
209,2023,"Groupers nei_1247",0.766233766233766
20,2023,"Half-crenated ark_189",0.883116883116883
209,2023,"Hong Kong grouper_1248",0.766233766233766
20,2023,"Horned turban_190",0.909090909090909
20,2023,"Inflated ark_191",0.883116883116883
20,2023,"Jack and horse mackerels nei_192",0.428571428571429
210,2023,"Japanese amberjack_1293",0.142857142857143
20,2023,"Japanese carpet shell_193",0.883116883116883
209,2023,"Japanese carpet shell_1249",0.883116883116883
14,2023,"Japanese carpet shell_56",0.883116883116883
210,2023,"Japanese jack mackerel_1294",0.142857142857143
209,2023,"Japanese sea cucumber_1252",0.818181818181818
21,2023,"Japanese sea cucumber_229",0.818181818181818
73,2023,"Japanese sea cucumber_408",0.818181818181818
20,2023,"Japanese sea cucumber_196",0.818181818181818
20,2023,"Japanese seabass_197",0.766233766233766
14,2023,"Japanese spiny lobster_63",0.818181818181818
20,2023,"Korean rockfish_199",0.766233766233766
14,2023,"Kuruma prawn_65",0.883116883116883
209,2023,"Large yellow croaker_1255",0.597402597402597
14,2023,"Malabar trevally_67",0.883116883116883
209,2023,"Mangrove red snapper_1257",0.766233766233766
14,2023,"Marine crabs nei_69",0.818181818181818
210,2023,"Marine crustaceans nei_1298",0.818181818181818
210,2023,"Marine fishes nei_1299",0.766233766233766
209,2023,"Marine fishes nei_1259",0.766233766233766
20,2023,"Marine fishes nei_203",0.766233766233766
14,2023,"Marine fishes nei_71",0.766233766233766
21,2023,"Marine fishes nei_231",0.766233766233766
209,2023,"Marine molluscs nei_1261",0.909090909090909
20,2023,"Marine molluscs nei_204",0.909090909090909
14,2023,"Marine molluscs nei_73",0.909090909090909
20,2023,"Mi-iuy (brown) croaker_205",0.597402597402597
14,2023,"Mi-iuy (brown) croaker_74",0.597402597402597
20,2023,"Mullets nei_206",0.766233766233766
20,2023,"Mussels_198",0.87012987012987
209,2023,"Mussels_1274",0.87012987012987
210,2023,"Octopuses, etc. nei_1300",0.818181818181818
20,2023,"Okhotsk atka mackerel_207",0.766233766233766
209,2023,"Orange-spotted grouper_1263",0.766233766233766
14,2023,"Oysters_77",0.87012987012987
20,2023,"Oysters_209",0.87012987012987
209,2023,"Oysters_1237",0.87012987012987
210,2023,"Oysters_1302",0.87012987012987
73,2023,"Oysters_404",0.87012987012987
210,2023,"Pacific bluefin tuna_1301",0.298701298701299
20,2023,"Pacific chub mackerel_208",0.298701298701299
209,2023,"Pen shells nei_1265",0.87012987012987
73,2023,"Pink(=Humpback) salmon_411",0.883116883116883
209,2023,"Pompano_1267",0.883116883116883
14,2023,"Porgies, seabreams nei_79",0.701298701298701
20,2023,"Porgies, seabreams nei_210",0.701298701298701
209,2023,"Porgies, seabreams nei_1268",0.701298701298701
20,2023,"Pufferfishes nei_211",0.766233766233766
20,2023,"Rainbow trout_212",0.883116883116883
209,2023,"Red drum_1270",0.597402597402597
210,2023,"Red oyas_1304",0.818181818181818
20,2023,"Red oyas_213",0.818181818181818
20,2023,"Red seabream_214",0.701298701298701
14,2023,"Red seabream_81",0.701298701298701
209,2023,"Russell's snapper_1272",0.766233766233766
73,2023,"Salmonoids nei_412",0.883116883116883
210,2023,"Scallops_1310",0.87012987012987
209,2023,"Scallops_1273",0.87012987012987
73,2023,"Scallops_419",0.87012987012987
20,2023,"Scallops_220",0.87012987012987
21,2023,"Scallops_234",0.87012987012987
20,2023,"Scorpionfishes, redfishes nei_216",0.766233766233766
209,2023,"Sea snails_1275",0.909090909090909
20,2023,"Sea squirts nei_217",0.818181818181818
73,2023,"Sea urchins nei_417",0.818181818181818
209,2023,"Sea urchins nei_1276",0.818181818181818
20,2023,"Seaweed_218",0.87012987012987
21,2023,"Seaweed_228",0.87012987012987
209,2023,"Seaweed_1251",0.87012987012987
210,2023,"Seaweed_1308",0.87012987012987
73,2023,"Seaweed_401",0.87012987012987
21,2023,"Seaweed_233",0.87012987012987
20,2023,"Seaweed_221",0.87012987012987
209,2023,"Seaweed_1262",0.87012987012987
14,2023,"Seaweed_66",0.87012987012987
14,2023,"Seaweed_90",0.87012987012987
209,2023,"Seaweed_1281",0.87012987012987
20,2023,"Seaweed_223",0.87012987012987
209,2023,"Snappers nei_1277",0.766233766233766
14,2023,"Snappers, jobfishes nei_85",0.766233766233766
209,2023,"Snubnose pompano_1278",0.883116883116883
73,2023,"Sockeye(=Red) salmon_418",0.883116883116883
210,2023,"Spiny lobsters nei_1306",0.818181818181818
210,2023,"Tiger pufferfish_1307",0.766233766233766
209,2023,"Tiger pufferfish_1279",0.766233766233766
14,2023,"Trumpet emperor_86",0.766233766233766
210,2023,"White trevally_1309",0.142857142857143
14,2023,"Yellowback seabream_92",0.701298701298701
20,2023,"[Oplegnathus fasciatus]_222",0.766233766233766
137,2023,"Blue shrimp_622",0.51948051948052
224,2023,"Turbot_1447",0.883116883116883
137,2023,"Whiteleg shrimp_627",0.51948051948052
138,2023,"Whiteleg shrimp_634",0.883116883116883
224,2023,"Yellowtail amberjack_1448",0.883116883116883
224,2023,"Abalones_1446",0.909090909090909
138,2023,"Abalones_628",0.909090909090909
224,2023,"Atlantic salmon_1432",0.493506493506494
224,2023,"Chinook(=Spring=King) salmon_1435",0.883116883116883
224,2023,"Coho(=Silver) salmon_1438",0.51948051948052
138,2023,"Flatfishes nei_629",0.766233766233766
224,2023,"Masu(=Cherry) salmon_1442",0.597402597402597
224,2023,"Mussels_1433",0.87012987012987
224,2023,"Mussels_1437",0.87012987012987
224,2023,"Oysters_1434",0.87012987012987
224,2023,"Oysters_1443",0.87012987012987
138,2023,"Oysters_632",0.87012987012987
137,2023,"Oysters_624",0.87012987012987
224,2023,"Rainbow trout_1445",0.506493506493507
137,2023,"Red drum_625",0.597402597402597
138,2023,"Scallops_633",0.87012987012987
224,2023,"Scallops_1444",0.87012987012987
137,2023,"Scallops_626",0.87012987012987
224,2023,"Seaweed_1440",0.87012987012987
138,2023,"Seaweed_631",0.87012987012987
224,2023,"Seaweed_1449",0.87012987012987
138,2023,"Seaweed_635",0.87012987012987
137,2023,"Seaweed_623",0.87012987012987
138,2023,"Seaweed_636",0.87012987012987
16,2023,"Brine shrimp_131",0.766233766233766
16,2023,"Brown tiger prawn_132",0.883116883116883
16,2023,"Eastern king prawn_136",0.883116883116883
16,2023,"Eastern school shrimp_138",0.883116883116883
16,2023,"Giant tiger prawn_144",0.883116883116883
16,2023,"Kuruma prawn_147",0.883116883116883
16,2023,"Penaeus shrimps nei_152",0.883116883116883
162,2023,"Abalones_694",0.909090909090909
16,2023,"Aquatic invertebrates nei_124",0.818181818181818
162,2023,"Chinook(=Spring=King) salmon_691",0.883116883116883
16,2023,"Chinook(=Spring=King) salmon_133",0.883116883116883
16,2023,"Eastern king prawn_137",0.883116883116883
162,2023,"Mussels_692",0.87012987012987
16,2023,"Oysters_140",0.87012987012987
162,2023,"Oysters_693",0.87012987012987
16,2023,"Rainbow trout_153",0.883116883116883
16,2023,"Scallops_154",0.87012987012987
25,2023,"Abalones_245",0.909090909090909
216,2023,"Banana prawn_1322",0.415584415584416
207,2023,"Banana prawn_1156",0.493506493506494
13,2023,"Banana prawn_26",0.883116883116883
208,2023,"Banana prawn_1169",0.883116883116883
15,2023,"Banana prawn_93",0.883116883116883
25,2023,"Banana prawn_246",0.74025974025974
216,2023,"Banded grouper_1323",0.766233766233766
216,2023,"Barramundi(=Giant seaperch)_1325",0.883116883116883
25,2023,"Barramundi(=Giant seaperch)_247",0.883116883116883
16,2023,"Barramundi(=Giant seaperch)_128",0.883116883116883
208,2023,"Barramundi(=Giant seaperch)_1172",0.883116883116883
216,2023,"Barred-chest grouper_1327",0.766233766233766
216,2023,"Blacktail snapper_1333",0.766233766233766
5,2023,"Blue shrimp_1",0.883116883116883
247,2023,"Blue shrimp_1477",0.883116883116883
6,2023,"Blue shrimp_6",0.883116883116883
216,2023,"Blue shrimp_1337",0.415584415584416
18,2023,"Blue shrimp_165",0.883116883116883
208,2023,"Blue swimming crab_1176",0.818181818181818
208,2023,"Brown-marbled grouper_1178",0.766233766233766
216,2023,"Brown-marbled grouper_1340",0.766233766233766
208,2023,"Crimson snapper_1181",0.766233766233766
216,2023,"Deepwater longtail red snapper_1343",0.766233766233766
18,2023,"Flathead grey mullet_167",0.766233766233766
25,2023,"Fourfinger threadfin_253",0.766233766233766
216,2023,"Foursaddle grouper_1346",0.766233766233766
208,2023,"Giant grouper_1185",0.766233766233766
207,2023,"Giant tiger prawn_1159",0.480519480519481
216,2023,"Giant tiger prawn_1348",0.402597402597403
15,2023,"Giant tiger prawn_99",0.883116883116883
25,2023,"Giant tiger prawn_254",0.883116883116883
18,2023,"Giant tiger prawn_168",0.883116883116883
7,2023,"Giant tiger prawn_9",0.883116883116883
247,2023,"Giant tiger prawn_1478",0.883116883116883
208,2023,"Giant tiger prawn_1186",0.883116883116883
17,2023,"Giant tiger prawn_159",0.883116883116883
8,2023,"Golden-lined spinefoot_15",0.766233766233766
25,2023,"Groupers nei_258",0.766233766233766
216,2023,"Groupers nei_1353",0.766233766233766
208,2023,"Groupers nei_1193",0.766233766233766
15,2023,"Groupers, seabasses nei_103",0.766233766233766
208,2023,"Humpback grouper_1195",0.766233766233766
207,2023,"Indian white prawn_1161",0.493506493506494
216,2023,"Indo-Pacific swamp crab_1358",0.818181818181818
15,2023,"Indo-Pacific swamp crab_105",0.818181818181818
25,2023,"Indo-Pacific swamp crab_261",0.818181818181818
247,2023,"Indo-Pacific swamp crab_1480",0.818181818181818
24,2023,"Indo-Pacific swamp crab_239",0.818181818181818
17,2023,"Indo-Pacific swamp crab_160",0.818181818181818
207,2023,"Indo-Pacific swamp crab_1162",0.818181818181818
18,2023,"Indo-Pacific swamp crab_170",0.818181818181818
208,2023,"Indo-Pacific swamp crab_1197",0.818181818181818
208,2023,"John's snapper_1200",0.766233766233766
216,2023,"Longspine grouper_1364",0.766233766233766
208,2023,"Malabar grouper_1203",0.766233766233766
208,2023,"Mangrove red snapper_1205",0.766233766233766
216,2023,"Mangrove red snapper_1367",0.766233766233766
25,2023,"Marine fishes nei_262",0.766233766233766
15,2023,"Marine fishes nei_109",0.766233766233766
207,2023,"Marine fishes nei_1164",0.766233766233766
24,2023,"Marine molluscs nei_241",0.909090909090909
216,2023,"Masked grouper_1370",0.766233766233766
216,2023,"Metapenaeus shrimps nei_1371",0.415584415584416
15,2023,"Metapenaeus shrimps nei_110",0.883116883116883
25,2023,"Metapenaeus shrimps nei_263",0.74025974025974
207,2023,"Metapenaeus shrimps nei_1166",0.493506493506494
15,2023,"Milkfish_111",0.766233766233766
216,2023,"Milkfish_1372",0.766233766233766
9,2023,"Milkfish_23",0.766233766233766
212,2023,"Milkfish_1312",0.766233766233766
10,2023,"Milkfish_24",0.766233766233766
13,2023,"Milkfish_27",0.766233766233766
8,2023,"Milkfish_16",0.766233766233766
17,2023,"Milkfish_162",0.766233766233766
206,2023,"Milkfish_1144",0.766233766233766
8,2023,"Mottled spinefoot_17",0.766233766233766
208,2023,"Mud spiny lobster_1209",0.818181818181818
216,2023,"Mullets nei_1374",0.766233766233766
13,2023,"Mullets nei_28",0.766233766233766
216,2023,"Northern velvet shrimp_1375",0.415584415584416
216,2023,"Orange mud crab_1376",0.818181818181818
208,2023,"Orange-spotted grouper_1211",0.766233766233766
17,2023,"Oysters_161",0.87012987012987
25,2023,"Penaeus shrimps nei_264",0.74025974025974
24,2023,"Penaeus shrimps nei_243",0.714285714285714
15,2023,"Penaeus shrimps nei_113",0.883116883116883
16,2023,"Penaeus shrimps nei_151",0.883116883116883
208,2023,"Penaeus shrimps nei_1215",0.883116883116883
8,2023,"Penaeus shrimps nei_18",0.766233766233766
216,2023,"Portunus swimcrabs nei_1379",0.818181818181818
15,2023,"Scats_114",0.766233766233766
216,2023,"Seaweed_1349",0.87012987012987
208,2023,"Snappers nei_1218",0.766233766233766
216,2023,"Snappers nei_1383",0.766233766233766
208,2023,"Snubnose pompano_1220",0.883116883116883
18,2023,"Spinefeet(=Rabbitfishes) nei_172",0.766233766233766
15,2023,"Spinefeet(=Rabbitfishes) nei_118",0.766233766233766
8,2023,"Spinefeet(=Rabbitfishes) nei_20",0.766233766233766
208,2023,"Spotted coralgrouper_1224",0.766233766233766
25,2023,"Squaretail mullet_265",0.766233766233766
206,2023,"Tropical spiny lobsters nei_1153",0.818181818181818
25,2023,"Whiteleg shrimp_266",0.454545454545455
207,2023,"Whiteleg shrimp_1168",0.506493506493507
13,2023,"Whiteleg shrimp_29",0.883116883116883
216,2023,"Whiteleg shrimp_1391",0.441558441558442
208,2023,"Whiteleg shrimp_1227",0.883116883116883
15,2023,"Whiteleg shrimp_122",0.883116883116883
6,2023,"Whiteleg shrimp_7",0.883116883116883
247,2023,"Whiteleg shrimp_1487",0.883116883116883
208,2023,"Banana prawn_1170",0.883116883116883
15,2023,"Banana prawn_94",0.883116883116883
216,2023,"Banded grouper_1324",0.766233766233766
208,2023,"Barramundi(=Giant seaperch)_1171",0.883116883116883
206,2023,"Barramundi(=Giant seaperch)_1108",0.883116883116883
247,2023,"Barramundi(=Giant seaperch)_1476",0.883116883116883
216,2023,"Barramundi(=Giant seaperch)_1326",0.883116883116883
24,2023,"Barramundi(=Giant seaperch)_235",0.883116883116883
216,2023,"Barred-chest grouper_1328",0.766233766233766
208,2023,"Bigeye trevally_1173",0.883116883116883
216,2023,"Bigeye trevally_1329",0.883116883116883
208,2023,"Black grouper_1174",0.766233766233766
216,2023,"Black jack_1330",0.883116883116883
216,2023,"Blackbanded trevally_1331",0.883116883116883
216,2023,"Blacksaddled coralgrouper_1332",0.766233766233766
216,2023,"Blacktail snapper_1334",0.766233766233766
25,2023,"Blood cockle_249",0.883116883116883
24,2023,"Blood cockle_236",0.883116883116883
216,2023,"Blood cockle_1335",0.883116883116883
216,2023,"Bludger_1336",0.883116883116883
208,2023,"Blue swimming crab_1175",0.818181818181818
216,2023,"Bluefin trevally_1338",0.883116883116883
216,2023,"Brassy trevally_1339",0.883116883116883
206,2023,"Broad geloina_1113",0.883116883116883
208,2023,"Brown-marbled grouper_1177",0.766233766233766
206,2023,"Brown-marbled grouper_1114",0.766233766233766
216,2023,"Brown-marbled grouper_1341",0.766233766233766
9,2023,"Clams_21",0.883116883116883
18,2023,"Clams_164",0.883116883116883
8,2023,"Clams_11",0.883116883116883
207,2023,"Cobia_1157",0.883116883116883
208,2023,"Cobia_1179",0.883116883116883
8,2023,"Cockles_14",0.883116883116883
8,2023,"Cockles_19",0.883116883116883
17,2023,"Cockles_158",0.883116883116883
208,2023,"Crimson snapper_1180",0.766233766233766
216,2023,"Duskytail grouper_1344",0.766233766233766
5,2023,"Emperor red snapper_2",0.766233766233766
208,2023,"Flathead grey mullet_1182",0.766233766233766
15,2023,"Flathead lobster_98",0.818181818181818
208,2023,"Fourfinger threadfin_1183",0.766233766233766
206,2023,"Fourfinger threadfin_1119",0.766233766233766
216,2023,"Foursaddle grouper_1347",0.766233766233766
208,2023,"Giant grouper_1184",0.766233766233766
15,2023,"Giant tiger prawn_100",0.883116883116883
208,2023,"Giant tiger prawn_1187",0.883116883116883
208,2023,"Giant trevally_1188",0.883116883116883
208,2023,"Golden trevally_1189",0.883116883116883
206,2023,"Golden trevally_1125",0.883116883116883
5,2023,"Golden-lined spinefoot_3",0.766233766233766
208,2023,"Green humphead parrotfish_1190",0.766233766233766
208,2023,"Groupers nei_1192",0.766233766233766
216,2023,"Groupers nei_1352",0.766233766233766
247,2023,"Groupers nei_1479",0.766233766233766
15,2023,"Groupers, seabasses nei_104",0.766233766233766
216,2023,"Highfin coralgrouper_1354",0.766233766233766
216,2023,"Highfin grouper_1355",0.766233766233766
208,2023,"Humpback grouper_1194",0.766233766233766
216,2023,"Humpback grouper_1356",0.766233766233766
216,2023,"Humphead snapper_1357",0.766233766233766
208,2023,"Indo-Pacific swamp crab_1196",0.818181818181818
15,2023,"Indo-Pacific swamp crab_106",0.818181818181818
247,2023,"Jacks, crevalles nei_1481",0.883116883116883
15,2023,"Jacks, crevalles nei_107",0.883116883116883
208,2023,"Japanese seabass_1198",0.766233766233766
208,2023,"John's snapper_1199",0.766233766233766
208,2023,"Kuruma prawn_1201",0.883116883116883
206,2023,"Leopard coralgrouper_1139",0.766233766233766
216,2023,"Leopard coralgrouper_1360",0.766233766233766
216,2023,"Longfin trevally_1361",0.883116883116883
216,2023,"Longlegged spiny lobster_1362",0.818181818181818
216,2023,"Longnose trevally_1363",0.883116883116883
216,2023,"Longspine grouper_1365",0.766233766233766
208,2023,"Malabar grouper_1202",0.766233766233766
216,2023,"Malabar trevally_1366",0.883116883116883
208,2023,"Mangrove red snapper_1204",0.766233766233766
216,2023,"Mangrove red snapper_1368",0.766233766233766
208,2023,"Marine fishes nei_1206",0.766233766233766
15,2023,"Marine fishes nei_108",0.766233766233766
247,2023,"Marine fishes nei_1482",0.766233766233766
216,2023,"Marine fishes nei_1369",0.766233766233766
24,2023,"Marine fishes nei_240",0.766233766233766
207,2023,"Marine fishes nei_1163",0.766233766233766
207,2023,"Marine molluscs nei_1165",0.909090909090909
15,2023,"Milkfish_112",0.766233766233766
208,2023,"Milkfish_1207",0.766233766233766
19,2023,"Milkfish_173",0.766233766233766
216,2023,"Milkfish_1373",0.766233766233766
247,2023,"Milkfish_1483",0.766233766233766
208,2023,"Mud spiny lobster_1208",0.818181818181818
25,2023,"Mussels_256",0.87012987012987
25,2023,"Mussels_260",0.87012987012987
15,2023,"Mussels_102",0.87012987012987
208,2023,"Mussels_1191",0.87012987012987
18,2023,"Mussels_169",0.87012987012987
24,2023,"Mussels_238",0.87012987012987
216,2023,"Mussels_1351",0.87012987012987
208,2023,"Orange-spotted grouper_1210",0.766233766233766
247,2023,"Orange-spotted grouper_1484",0.766233766233766
24,2023,"Orange-spotted grouper_242",0.766233766233766
25,2023,"Oysters_251",0.87012987012987
15,2023,"Oysters_115",0.87012987012987
18,2023,"Oysters_171",0.87012987012987
5,2023,"Oysters_4",0.87012987012987
17,2023,"Oysters_163",0.87012987012987
216,2023,"Oysters_1378",0.87012987012987
208,2023,"Oysters_1212",0.87012987012987
208,2023,"Papuan black snapper_1213",0.766233766233766
208,2023,"Penaeus shrimps nei_1214",0.883116883116883
208,2023,"Potato grouper_1216",0.766233766233766
216,2023,"Scalloped spiny lobster_1381",0.818181818181818
216,2023,"Sea cucumbers nei_1382",0.818181818181818
15,2023,"Seaweed_96",0.87012987012987
207,2023,"Seaweed_1160",0.87012987012987
216,2023,"Seaweed_1380",0.87012987012987
15,2023,"Seaweed_97",0.87012987012987
15,2023,"Seaweed_120",0.87012987012987
9,2023,"Seaweed_22",0.87012987012987
18,2023,"Seaweed_166",0.87012987012987
212,2023,"Seaweed_1311",0.87012987012987
206,2023,"Seaweed_1145",0.87012987012987
24,2023,"Seaweed_237",0.87012987012987
206,2023,"Seaweed_1150",0.87012987012987
7,2023,"Seaweed_8",0.87012987012987
17,2023,"Seaweed_157",0.87012987012987
216,2023,"Seaweed_1393",0.87012987012987
11,2023,"Sixfinger threadfin_25",0.766233766233766
208,2023,"Snappers nei_1217",0.766233766233766
247,2023,"Snappers nei_1485",0.766233766233766
15,2023,"Snappers nei_116",0.766233766233766
24,2023,"Snappers nei_244",0.766233766233766
216,2023,"Snappers nei_1384",0.766233766233766
208,2023,"Snubnose pompano_1219",0.883116883116883
15,2023,"Snubnose pompano_117",0.883116883116883
206,2023,"Snubnose pompano_1148",0.883116883116883
247,2023,"Snubnose pompano_1486",0.883116883116883
216,2023,"Snubnose pompano_1385",0.883116883116883
208,2023,"Southern red snapper_1221",0.766233766233766
216,2023,"Speckled blue grouper_1386",0.766233766233766
208,2023,"Spinefeet(=Rabbitfishes) nei_1222",0.766233766233766
15,2023,"Spinefeet(=Rabbitfishes) nei_119",0.766233766233766
208,2023,"Spotted coralgrouper_1223",0.766233766233766
216,2023,"Squaretail coralgrouper_1387",0.766233766233766
208,2023,"Streaked spinefoot_1225",0.766233766233766
15,2023,"Tropical spiny lobsters nei_121",0.818181818181818
207,2023,"Tropical spiny lobsters nei_1167",0.818181818181818
216,2023,"Tropical spiny lobsters nei_1388",0.818181818181818
216,2023,"White-edged lyretail_1390",0.766233766233766
208,2023,"White-spotted spinefoot_1226",0.766233766233766
5,2023,"White-spotted spinefoot_5",0.766233766233766
208,2023,"Whiteleg shrimp_1228",0.883116883116883
216,2023,"Yellowspotted trevally_1392",0.883116883116883
