rgn_id,year,Ap
1,2008,NA
1,2009,NA
1,2010,NA
1,2011,NA
1,2012,NA
1,2013,NA
1,2014,NA
1,2015,NA
1,2016,NA
1,2017,NA
1,2018,NA
1,2019,NA
1,2020,NA
1,2021,NA
2,2008,NA
2,2009,NA
2,2010,NA
2,2011,NA
2,2012,NA
2,2013,NA
2,2014,NA
2,2015,NA
2,2016,NA
2,2017,NA
2,2018,NA
2,2019,NA
2,2020,NA
2,2021,NA
3,2008,NA
3,2009,NA
3,2010,NA
3,2011,NA
3,2012,NA
3,2013,NA
3,2014,NA
3,2015,NA
3,2016,NA
3,2017,NA
3,2018,NA
3,2019,NA
3,2020,NA
3,2021,NA
4,2008,NA
4,2009,NA
4,2010,NA
4,2011,NA
4,2012,NA
4,2013,NA
4,2014,NA
4,2015,NA
4,2016,NA
4,2017,NA
4,2018,NA
4,2019,NA
4,2020,NA
4,2021,NA
5,2008,0.006386058475066155
5,2009,0.005999943460498875
5,2010,0.005908653029468261
5,2011,0.006563644804255896
5,2012,0.006445803304874467
5,2013,0.006105971459861173
5,2014,0.005950134136354694
5,2015,0.006306223173189087
5,2016,0.0063988111040358805
5,2017,0.006660080267512967
5,2018,0.006596269561908266
5,2019,0.00719906923267368
5,2020,0.00169596830513906
5,2021,6.729535053057429e-4
6,2008,0.0067417931860143335
6,2009,0.007322088535356008
6,2010,0.0069016277174991396
6,2011,0.006519275630385346
6,2012,0.007328568327718199
6,2013,0.0072746087399286705
6,2014,0.007037749082457361
6,2015,0.005674118167221866
6,2016,0.005852120690276532
6,2017,0.006557230920717226
6,2018,0.006776718649168746
6,2019,0.0069047913838190065
6,2020,0.0012301565617006674
6,2021,0.006586030815605964
7,2008,2.4388455391178703e-4
7,2009,2.676712861095787e-4
7,2010,2.928805809185939e-4
7,2011,3.192947093474368e-4
7,2012,3.249960245447356e-4
7,2013,3.234757994524104e-4
7,2014,2.597743390555587e-4
7,2015,2.7219582474267176e-4
7,2016,2.851707929496774e-4
7,2017,3.082771819323246e-4
7,2018,3.2673973930893356e-4
7,2019,3.305565813700228e-4
7,2020,4.914754585590772e-5
7,2021,7.634901257912232e-6
8,2008,0.44292103101739544
8,2009,0.3939312357280346
8,2010,0.4788828894695582
8,2011,0.6356503183404172
8,2012,0.6984474026601852
8,2013,0.6335806447248367
8,2014,0.8217236047143346
8,2015,0.950958473023973
8,2016,0.8090754182398202
8,2017,0.7202834285666412
8,2018,0.6197938737791119
8,2019,0.548033269277522
8,2020,0.10694033423370158
8,2021,0.5447494480901068
9,2008,0.0047633395248414066
9,2009,0.008872069262109776
9,2010,0.008370812791152015
9,2011,0.006610861910127235
9,2012,0.007129630630191937
9,2013,0.007809805556999459
9,2014,0.006541917916219337
9,2015,0.005742687124405782
9,2016,0.005425242774253569
9,2017,0.005400432961693593
9,2018,0.0034872258167168925
9,2019,0.0032560654888594475
9,2020,0.0032349501193841223
9,2021,0.003205640523673232
10,2008,NA
10,2009,NA
10,2010,NA
10,2011,NA
10,2012,NA
10,2013,NA
10,2014,NA
10,2015,NA
10,2016,NA
10,2017,NA
10,2018,NA
10,2019,NA
10,2020,NA
10,2021,NA
11,2008,0.0014884774050578245
11,2009,0.001345203851762967
11,2010,0.0011497115100991045
11,2011,0.0011593700331021459
11,2012,0.001176426451036411
11,2013,0.001195922067756928
11,2014,0.0012974907281973734
11,2015,0.0017022686709597546
11,2016,0.0014917236033754617
11,2017,0.001697584081009428
11,2018,0.0019740464031544674
11,2019,0.0018207602627236124
11,2020,3.690318569580166e-4
11,2021,0.0019367173610250117
12,2008,NA
12,2009,NA
12,2010,NA
12,2011,NA
12,2012,NA
12,2013,NA
12,2014,NA
12,2015,NA
12,2016,NA
12,2017,NA
12,2018,NA
12,2019,NA
12,2020,NA
12,2021,NA
13,2008,0.5030693970613412
13,2009,0.4661402047085258
13,2010,0.5304860727392094
13,2011,0.5067435706482283
13,2012,0.5766777147950269
13,2013,0.5967498489386643
13,2014,0.6056263163556044
13,2015,0.6343587702165948
13,2016,0.6942971505755783
13,2017,0.7415864710908546
13,2018,0.6972228214597118
13,2019,0.727569428672829
13,2020,0.14015698520116757
13,2021,0.02653533013583879
14,2008,NA
14,2009,NA
14,2010,NA
14,2011,NA
14,2012,NA
14,2013,NA
14,2014,NA
14,2015,NA
14,2016,NA
14,2017,NA
14,2018,NA
14,2019,NA
14,2020,NA
14,2021,NA
15,2008,6.881343030708603e-5
15,2009,6.493307912753206e-5
15,2010,7.440616326968925e-5
15,2011,8.133588060969875e-5
15,2012,8.719457411919291e-5
15,2013,9.392232873588702e-5
15,2014,9.541686789717875e-5
15,2015,1.040883655302225e-4
15,2016,1.1381743597812952e-4
15,2017,1.240875825454149e-4
15,2018,1.3207440119431611e-4
15,2019,1.4971485857778638e-4
15,2020,2.644289839906331e-5
15,2021,2.880852175760336e-6
16,2008,2.697658749767386e-4
16,2009,2.6426334409783523e-4
16,2010,2.6018399631394875e-4
16,2011,2.565936706598811e-4
16,2012,2.5215288390000555e-4
16,2013,2.4785008596198333e-4
16,2014,2.4418067104790207e-4
16,2015,2.4069155039669094e-4
16,2016,2.3696129958210497e-4
16,2017,2.3307561517100006e-4
16,2018,2.2959869938420796e-4
16,2019,2.262138781522605e-4
16,2020,2.2343575084224698e-4
16,2021,2.2315054235039683e-4
17,2008,4.775642134934661e-5
17,2009,4.916723622990168e-5
17,2010,5.520447845192151e-5
17,2011,6.051957071609037e-5
17,2012,6.258689039016779e-5
17,2013,6.3099846187196e-5
17,2014,6.429698673184568e-5
17,2015,6.302681221919211e-5
17,2016,6.014593963685724e-5
17,2017,4.560060289781409e-5
17,2018,4.4873000743322506e-5
17,2019,5.013732840754788e-5
17,2020,1.1961310508548706e-5
17,2021,4.808661579609258e-5
18,2008,0.007526665362016548
18,2009,0.006937433746432787
18,2010,0.008055571030899173
18,2011,0.00857347896863408
18,2012,0.008370740562167822
18,2013,0.008323541193701392
18,2014,0.008732836903004762
18,2015,0.009497117925502698
18,2016,0.009949836525655646
18,2017,0.010583078305519565
18,2018,0.010922311458159155
18,2019,0.011230105406975409
18,2020,0.0018413813077343274
18,2021,3.9930092588981946e-4
19,2008,0.02259591050498017
19,2009,0.020988849546245542
19,2010,0.022000492199730454
19,2011,0.015312052295139503
19,2012,0.01383690003023401
19,2013,0.016256842479192655
19,2014,0.017537889055661816
19,2015,0.030125762537095282
19,2016,0.031453295774587
19,2017,0.031523011243610836
19,2018,0.038955420664962215
19,2019,0.046108992817069254
19,2020,0.007400802220525463
19,2021,4.874418646852097e-4
20,2008,0.001943872676773807
20,2009,0.0019338936002425882
20,2010,0.0019242824197579708
20,2011,0.0019095419789437467
20,2012,0.0018995295971945875
20,2013,0.0018909022363095991
20,2014,0.0021688534617105436
20,2015,0.0019846496988069956
20,2016,0.0024306752988214994
20,2017,0.002075579915701999
20,2018,0.0024367244908245346
20,2019,0.0027645179899711972
20,2020,4.0327126891780043e-4
20,2021,0.0027655836235196862
21,2008,NA
21,2009,NA
21,2010,NA
21,2011,NA
21,2012,NA
21,2013,NA
21,2014,NA
21,2015,NA
21,2016,NA
21,2017,NA
21,2018,NA
21,2019,NA
21,2020,NA
21,2021,NA
24,2008,0.009461260260979378
24,2009,0.00948193672721253
24,2010,0.01084027317391135
24,2011,0.01227700913131783
24,2012,0.015047780309472457
24,2013,0.017425046896839956
24,2014,0.018379062143071608
24,2015,0.01922793793318079
24,2016,0.01991482707841171
24,2017,0.021969351024377297
24,2018,0.024023218080635664
24,2019,0.025323193631026406
24,2020,0.00494488765356406
24,2021,7.35012313547475e-4
25,2008,0.002154520730145633
25,2009,0.0020754418543795683
25,2010,0.0023217613880334113
25,2011,0.0027836371525669368
25,2012,0.003215068523290925
25,2013,0.0037949934288110934
25,2014,0.0035272999035254474
25,2015,0.004234047244431504
25,2016,0.004582551488783645
25,2017,0.004993309067906669
25,2018,0.005338817338611036
25,2019,0.0055677724594863235
25,2020,9.326474385508222e-4
25,2021,5.945595144885873e-5
26,2008,NA
26,2009,NA
26,2010,NA
26,2011,NA
26,2012,NA
26,2013,NA
26,2014,NA
26,2015,NA
26,2016,NA
26,2017,NA
26,2018,NA
26,2019,NA
26,2020,NA
26,2021,NA
28,2008,0.002738248649193883
28,2009,0.0020483126477696435
28,2010,0.0027161759934874177
28,2011,0.003267557436683876
28,2012,0.0038789481327294296
28,2013,0.003646775572769531
28,2014,0.003715786442299219
28,2015,0.003763976140613127
28,2016,0.0041826076649787965
28,2017,0.004281350718475464
28,2018,0.005385720276466385
28,2019,0.006640395530976708
28,2020,0.0010112528665426525
28,2021,0.004082301212872687
29,2008,NA
29,2009,NA
29,2010,NA
29,2011,NA
29,2012,NA
29,2013,NA
29,2014,NA
29,2015,NA
29,2016,NA
29,2017,NA
29,2018,NA
29,2019,NA
29,2020,NA
29,2021,NA
30,2008,NA
30,2009,NA
30,2010,NA
30,2011,NA
30,2012,NA
30,2013,NA
30,2014,NA
30,2015,NA
30,2016,NA
30,2017,NA
30,2018,NA
30,2019,NA
30,2020,NA
30,2021,NA
31,2008,0.08716905609352563
31,2009,0.0862814759553189
31,2010,0.0929333507987924
31,2011,0.10576729248190361
31,2012,0.11229299088373829
31,2013,0.12189791277137978
31,2014,0.12158202056761126
31,2015,0.14084409410342016
31,2016,0.1525678103184452
31,2017,0.17408943587340953
31,2018,0.17834810821468577
31,2019,0.18751454062930115
31,2020,0.05563090799053748
31,2021,0.08789220144448896
32,2008,0.10592369282593751
32,2009,0.11171117092865668
32,2010,0.11030391519923964
32,2011,0.12280247673407942
32,2012,0.11583282245244275
32,2013,0.10723458545870757
32,2014,0.10375360801147676
32,2015,0.10795547180466006
32,2016,0.11554787557766871
32,2017,0.1273217762826641
32,2018,0.13288588268401763
32,2019,0.1313886888596381
32,2020,0.05288991093072624
32,2021,0.060735017479296195
33,2008,NA
33,2009,NA
33,2010,NA
33,2011,NA
33,2012,NA
33,2013,NA
33,2014,NA
33,2015,NA
33,2016,NA
33,2017,NA
33,2018,NA
33,2019,NA
33,2020,NA
33,2021,NA
34,2008,NA
34,2009,NA
34,2010,NA
34,2011,NA
34,2012,NA
34,2013,NA
34,2014,NA
34,2015,NA
34,2016,NA
34,2017,NA
34,2018,NA
34,2019,NA
34,2020,NA
34,2021,NA
35,2008,NA
35,2009,NA
35,2010,NA
35,2011,NA
35,2012,NA
35,2013,NA
35,2014,NA
35,2015,NA
35,2016,NA
35,2017,NA
35,2018,NA
35,2019,NA
35,2020,NA
35,2021,NA
36,2008,NA
36,2009,NA
36,2010,NA
36,2011,NA
36,2012,NA
36,2013,NA
36,2014,NA
36,2015,NA
36,2016,NA
36,2017,NA
36,2018,NA
36,2019,NA
36,2020,NA
36,2021,NA
37,2008,0.06528609455177083
37,2009,0.06098214280672603
37,2010,0.06530749227709828
37,2011,0.0672950668984799
37,2012,0.06710870206271274
37,2013,0.06888887023885255
37,2014,0.07188048495898226
37,2015,0.07960016059487295
37,2016,0.08811511432051276
37,2017,0.09266188881955567
37,2018,0.09654493684897682
37,2019,0.09541001892716695
37,2020,0.021316717660778806
37,2021,0.012400573813625087
38,2008,NA
38,2009,NA
38,2010,NA
38,2011,NA
38,2012,NA
38,2013,NA
38,2014,NA
38,2015,NA
38,2016,NA
38,2017,NA
38,2018,NA
38,2019,NA
38,2020,NA
38,2021,NA
39,2008,0.024643310601631208
39,2009,0.02284492913760832
39,2010,0.026624669766551014
39,2011,0.030222117344570167
39,2012,0.030047444237887768
39,2013,0.03412402697984797
39,2014,0.03514644365570379
39,2015,0.03443520542403467
39,2016,0.034411338328083275
39,2017,0.03576216017331589
39,2018,0.03683068576913221
39,2019,0.04103023777856643
39,2020,0.013113462693722188
39,2021,0.03081558356083639
40,2008,6.277141888262153e-4
40,2009,6.358755867641741e-4
40,2010,9.199075953287953e-4
40,2011,0.0011930026942678716
40,2012,0.0013915564611918054
40,2013,0.0017540873259622675
40,2014,0.002090124907988649
40,2015,0.0024498478376082347
40,2016,0.00278298861412943
40,2017,0.002860871209089745
40,2018,0.003131255843176339
40,2019,0.0025521270574425533
40,2020,6.737822857763466e-4
40,2021,2.54558138643836e-4
41,2008,6.930975020940988e-4
41,2009,8.264361387229557e-4
41,2010,9.44980345239577e-4
41,2011,0.0010159531283258651
41,2012,0.0010951418366559056
41,2013,9.47911571589645e-4
41,2014,8.095945175592317e-4
41,2015,7.337936957736355e-4
41,2016,7.510545185136533e-4
41,2017,6.428121530968786e-4
41,2018,0.0011831592058448265
41,2019,8.460918259323178e-4
41,2020,3.875276165975035e-4
41,2021,1.9466491057566892e-4
42,2008,1.4859363990061219e-4
42,2009,6.274285946670611e-5
42,2010,7.33138649965191e-5
42,2011,8.183735794793179e-5
42,2012,9.060681856210031e-5
42,2013,6.754207882408204e-5
42,2014,7.45181066821326e-5
42,2015,7.981018361667212e-5
42,2016,9.33910372245905e-5
42,2017,7.920541494966398e-5
42,2018,8.810802501776037e-5
42,2019,1.1336693131629969e-4
42,2020,1.9669569044037288e-5
42,2021,1.0794661670274145e-4
43,2008,0.0020504865349613615
43,2009,0.0024285798712346466
43,2010,0.0024934125385026266
43,2011,0.0028905630384920273
43,2012,0.0026074810190165865
43,2013,0.002254536440789881
43,2014,0.0019375802814516733
43,2015,0.001674456743283607
43,2016,0.0018644219136814868
43,2017,0.0019624126464666707
43,2018,0.0019229247192494646
43,2019,0.001885254356250571
43,2020,0.0018477445768781994
43,2021,0.0018121937625283082
44,2008,NA
44,2009,NA
44,2010,NA
44,2011,NA
44,2012,NA
44,2013,NA
44,2014,NA
44,2015,NA
44,2016,NA
44,2017,NA
44,2018,NA
44,2019,NA
44,2020,NA
44,2021,NA
45,2008,NA
45,2009,NA
45,2010,NA
45,2011,NA
45,2012,NA
45,2013,NA
45,2014,NA
45,2015,NA
45,2016,NA
45,2017,NA
45,2018,NA
45,2019,NA
45,2020,NA
45,2021,NA
46,2008,0.008624479262746494
46,2009,0.009076059005738967
46,2010,0.007823559423432578
46,2011,0.008429072671337978
46,2012,0.008865667604726832
46,2013,0.009141730458354543
46,2014,0.008981519318419314
46,2015,0.008828247993903561
46,2016,0.00868156218022323
46,2017,0.00853991749742356
46,2018,0.008402876280599663
46,2019,0.008271465201944706
46,2020,0.008148837412349612
46,2021,0.008035319751127624
47,2008,6.322369228044741e-4
47,2009,6.168040134655984e-4
47,2010,5.972488541432913e-4
47,2011,4.691701333676695e-4
47,2012,4.805327604657421e-4
47,2013,5.289678211169261e-4
47,2014,5.28591462168619e-4
47,2015,1.8540200342570634e-4
47,2016,1.8060477599814707e-4
47,2017,1.7603236655752542e-4
47,2018,1.717095318866337e-4
47,2019,1.675936336327417e-4
47,2020,1.6376586050519533e-4
47,2021,1.603020472443839e-4
48,2008,0.010547920583849818
48,2009,0.011483451290520846
48,2010,0.010183418520123945
48,2011,0.006465126872327894
48,2012,0.007148614284625332
48,2013,0.00742786693303987
48,2014,0.00818353962946597
48,2015,0.009275097645201702
48,2016,0.010812730443720334
48,2017,0.010385227492160842
48,2018,0.010184980340138787
48,2019,0.01106194646673245
48,2020,0.0027899687233179193
48,2021,0.011263333669166152
49,2008,5.035964510763944e-4
49,2009,4.678241991515227e-4
49,2010,5.384253213194869e-4
49,2011,5.715091141686143e-4
49,2012,6.001862480665186e-4
49,2013,6.026451029846607e-4
49,2014,6.783921023332093e-4
49,2015,7.124381018428585e-4
49,2016,7.456070233124772e-4
49,2017,7.334591492922856e-4
49,2018,7.305184857586371e-4
49,2019,7.096831741171463e-4
49,2020,6.903859913675936e-4
49,2021,6.719879370612256e-4
50,2008,0.00411072415405093
50,2009,0.002923960741812631
50,2010,0.002819477918516473
50,2011,0.0035942405736090286
50,2012,0.004049929497013332
50,2013,0.003828953148819334
50,2014,0.0043442267016825615
50,2015,0.004199338618242228
50,2016,0.004127027050709109
50,2017,0.003600744401138187
50,2018,0.003346762849220788
50,2019,0.0037387845888886637
50,2020,8.785881789948041e-4
50,2021,0.003725989246575624
51,2008,0.010871954840864912
51,2009,0.011822118840622012
51,2010,0.007825889073485977
51,2011,0.009521383381417635
51,2012,0.009834011766039295
51,2013,0.009368415619418891
51,2014,0.005857341716486258
51,2015,0.00518131990330426
51,2016,0.005580235794125588
51,2017,0.004936775519886119
51,2018,0.005155080742619438
51,2019,0.0038336019231061014
51,2020,0.002194693480756768
51,2021,0.004005871254443177
52,2008,0.7797547267039195
52,2009,0.7340650305799469
52,2010,0.7133842289241171
52,2011,0.7143070964242455
52,2012,0.7068067899810605
52,2013,0.6862278914683996
52,2014,0.6603407451203388
52,2015,0.5105511746408649
52,2016,0.49657657537429645
52,2017,0.5266200945907412
52,2018,0.5149931962978012
52,2019,0.45192949349923267
52,2020,0.09820082812352379
52,2021,0.26161327615533597
53,2008,1.6506898209967644e-4
53,2009,1.6770678091004236e-4
53,2010,1.739438055604179e-4
53,2011,2.180051042071858e-4
53,2012,1.7815706957322055e-4
53,2013,1.7543991121453934e-4
53,2014,1.729849797202544e-4
53,2015,1.7075661713720057e-4
53,2016,1.6871294059412465e-4
53,2017,1.664870185983519e-4
53,2018,1.6394739529464493e-4
53,2019,1.6133223376131145e-4
53,2020,1.5856038906073027e-4
53,2021,1.556787989380839e-4
54,2008,0.028210353645625224
54,2009,0.024666840580898675
54,2010,0.02324435254947066
54,2011,0.022991085970291824
54,2012,0.02275291179551552
54,2013,0.022527047761218437
54,2014,0.050824944577768406
54,2015,0.052256220311522834
54,2016,0.055808673051259305
54,2017,0.058480259576068755
54,2018,0.06118658491708723
54,2019,0.06475738748581769
54,2020,0.021344471858175937
54,2021,0.06369606041715797
55,2008,NA
55,2009,NA
55,2010,NA
55,2011,NA
55,2012,NA
55,2013,NA
55,2014,NA
55,2015,NA
55,2016,NA
55,2017,NA
55,2018,NA
55,2019,NA
55,2020,NA
55,2021,NA
56,2008,0.025942721507406334
56,2009,0.025856150105847187
56,2010,0.029946891576976588
56,2011,0.037690412867116864
56,2012,0.04194143456592396
56,2013,0.04327622416637242
56,2014,0.04202432418482613
56,2015,0.04374823752192202
56,2016,0.0497493395657171
56,2017,0.054927553208027585
56,2018,0.05774249005021938
56,2019,0.06102358131027527
56,2020,0.014351559207675828
56,2021,0.010666912178543493
57,2008,NA
57,2009,NA
57,2010,NA
57,2011,NA
57,2012,NA
57,2013,NA
57,2014,NA
57,2015,NA
57,2016,NA
57,2017,NA
57,2018,NA
57,2019,NA
57,2020,NA
57,2021,NA
58,2008,NA
58,2009,NA
58,2010,NA
58,2011,NA
58,2012,NA
58,2013,NA
58,2014,NA
58,2015,NA
58,2016,NA
58,2017,NA
58,2018,NA
58,2019,NA
58,2020,NA
58,2021,NA
59,2008,0.5061318370025378
59,2009,0.4775501549402335
59,2010,0.4989677281207424
59,2011,0.5136280694398531
59,2012,0.5149481712475583
59,2013,0.5209332479041796
59,2014,0.5323271304075774
59,2015,0.5606563059199484
59,2016,0.4994719214414841
59,2017,0.5576753736181457
59,2018,0.6037383641206227
59,2019,0.6152345453726037
59,2020,0.169424057428266
59,2021,0.21163561211205303
60,2008,NA
60,2009,NA
60,2010,NA
60,2011,NA
60,2012,NA
60,2013,NA
60,2014,NA
60,2015,NA
60,2016,NA
60,2017,NA
60,2018,NA
60,2019,NA
60,2020,NA
60,2021,NA
61,2008,0.0221036580061334
61,2009,0.02420968276537579
61,2010,0.024059290245373535
61,2011,0.01744023463981493
61,2012,0.020973657956977143
61,2013,0.021786019113143706
61,2014,0.020987003488181208
61,2015,0.015526412187189677
61,2016,0.01640241738790663
61,2017,0.01999268325294423
61,2018,0.023288224124945384
61,2019,0.026203846938266214
61,2020,0.005539806673796228
61,2021,0.006758372541733456
62,2008,0.007040301552194675
62,2009,0.007358249478856029
62,2010,0.008087168562950438
62,2011,0.0080257019840596
62,2012,0.007945753420041718
62,2013,0.008400769090008487
62,2014,0.008487208362874176
62,2015,0.00829512319083202
62,2016,0.00831908003021774
62,2017,0.0090296999637653
62,2018,0.009668905219943515
62,2019,0.010069182827979787
62,2020,0.0021403606373406226
62,2021,0.009859476849689604
63,2008,NA
63,2009,NA
63,2010,NA
63,2011,NA
63,2012,NA
63,2013,NA
63,2014,NA
63,2015,NA
63,2016,NA
63,2017,NA
63,2018,NA
63,2019,NA
63,2020,NA
63,2021,NA
64,2008,5.133185698893283e-4
64,2009,4.995254978281214e-4
64,2010,4.8537807902815133e-4
64,2011,4.709461253991081e-4
64,2012,4.5645759950025793e-4
64,2013,4.434276227689594e-4
64,2014,4.3186475852815447e-4
64,2015,4.205876538793279e-4
64,2016,4.096190694939106e-4
64,2017,3.989724583905783e-4
64,2018,0.00038863107872684493
64,2019,3.786014097410019e-4
64,2020,3.689436570748796e-4
64,2021,3.5964046850354547e-4
65,2008,0.017239779572070714
65,2009,0.01614285383951202
65,2010,0.010029174660825322
65,2011,0.011326073587541877
65,2012,0.01626424047807018
65,2013,0.01718221014322809
65,2014,0.015215637173716663
65,2015,0.04254755310914551
65,2016,0.04146321234873619
65,2017,0.04680507963825028
65,2018,0.048204791809651454
65,2019,0.05276262052247923
65,2020,0.02040527652816932
65,2021,0.026851159971260172
66,2008,0.0056689930689853354
66,2009,0.005156403336429923
66,2010,0.005576117849093369
66,2011,0.005836374295357664
66,2012,0.005644165766983847
66,2013,0.006069887910926402
66,2014,0.0053513703172870354
66,2015,0.005443305384657172
66,2016,0.006367927723230142
66,2017,0.006991033428267302
66,2018,0.006803804604043344
66,2019,0.00662271657625688
66,2020,0.006447302499723543
66,2021,0.006278982975468936
67,2008,1.5247567829145412e-4
67,2009,1.4931547502270673e-4
67,2010,1.4628414907731562e-4
67,2011,1.534671432994875e-4
67,2012,1.617880703320762e-4
67,2013,1.5866998735721607e-4
67,2014,1.5574150465648458e-4
67,2015,1.5336545534853636e-4
67,2016,1.5116926316850735e-4
67,2017,1.488924552319424e-4
67,2018,1.466047063251549e-4
67,2019,1.4456724288061662e-4
67,2020,1.4272365770548408e-4
67,2021,1.4100013116018006e-4
68,2008,1
68,2009,1
68,2010,1
68,2011,1
68,2012,1
68,2013,1
68,2014,1
68,2015,1
68,2016,1
68,2017,1
68,2018,1
68,2019,1
68,2020,0.47124614996125364
68,2021,0.6879327035232533
69,2008,0.07745318225086556
69,2009,0.06186248097970564
69,2010,0.065550652563938
69,2011,0.07258949592693567
69,2012,0.07064032445399118
69,2013,0.07642640738837903
69,2014,0.09256941174920476
69,2015,0.10249623811078896
69,2016,0.09163189347010403
69,2017,0.10049096015049343
69,2018,0.1011210912427679
69,2019,0.10125098719587106
69,2020,0.03351357328996226
69,2021,0.02540118040383877
70,2008,0.048142574935099984
70,2009,0.04732372643797341
70,2010,0.054633572176229085
70,2011,0.06160872290700377
70,2012,0.06476452513690666
70,2013,0.06838037696091516
70,2014,0.06963980176770124
70,2015,0.06521149549025711
70,2016,0.06893541388267807
70,2017,0.07133692126208026
70,2018,0.07069462009893061
70,2019,0.07283404056744323
70,2020,0.02229081804356617
70,2021,0.017587390031257064
71,2008,0.11590166373448768
71,2009,0.11582335343435206
71,2010,0.12284535302714762
71,2011,0.12938086679954452
71,2012,0.1345126900912073
71,2013,0.14265034161319046
71,2014,0.1520529649636251
71,2015,0.14858890623568993
71,2016,0.1739380082687607
71,2017,0.18861108350810316
71,2018,0.19831874386565385
71,2019,0.1674560814337337
71,2020,0.027950980849253338
71,2021,0.05024282050749206
72,2008,0.021925616225268608
72,2009,0.02210903904504952
72,2010,0.022240748475778727
72,2011,0.022350412682515617
72,2012,0.022450133591477853
72,2013,0.022533651079034215
72,2014,0.02261821489351807
72,2015,0.022724782582208825
72,2016,0.02285552039938036
72,2017,0.022988009439748266
72,2018,0.02312345994846138
72,2019,0.023245599204184307
72,2020,0.02337397985141841
72,2021,0.02355169411798288
73,2008,1.1507532758426575e-4
73,2009,1.0307694733486713e-4
73,2010,1.0812273037188421e-4
73,2011,1.2124798560002286e-4
73,2012,1.3722388449836207e-4
73,2013,1.4959101223554463e-4
73,2014,1.4926579300820689e-4
73,2015,1.6297367178564758e-4
73,2016,1.6269645291202366e-4
73,2017,1.6252267116366638e-4
73,2018,1.6254390921393102e-4
73,2019,1.626245000327176e-4
73,2020,1.630005159859752e-4
73,2021,1.6370939620235632e-4
74,2008,0.04513126191215374
74,2009,0.045533896453055146
74,2010,0.04586726941952446
74,2011,0.07943002259376272
74,2012,0.10738810818056224
74,2013,0.1262767645674293
74,2014,0.12862454687015024
74,2015,0.13161194466733783
74,2016,0.1439791169505394
74,2017,0.17768583366772828
74,2018,0.20779022267789715
74,2019,0.2222976977819676
74,2020,0.04753006753687694
74,2021,0.0692180438193137
75,2008,0.009750878323202372
75,2009,0.008004278068965155
75,2010,0.008192627315029333
75,2011,0.00830435082133549
75,2012,0.00894609389038139
75,2013,0.009612488176609604
75,2014,0.004976733187237053
75,2015,0.004878275363966923
75,2016,0.005250877785913302
75,2017,0.005625832628731768
75,2018,0.005602087237189452
75,2019,0.005365970531214635
75,2020,0.0012614658161962137
75,2021,0.005438673895330885
76,2008,0.0038193955576081877
76,2009,0.0038215478041682934
76,2010,0.00391794845209324
76,2011,0.004271823107618262
76,2012,0.004336005099393759
76,2013,0.004512858784608229
76,2014,0.004660104522817448
76,2015,0.004532115167340575
76,2016,0.003418272486711582
76,2017,0.004188136181201899
76,2018,0.005053514719010685
76,2019,0.0056068847696018505
76,2020,0.001727289110358266
76,2021,0.003227565210929224
77,2008,0.06927359102079535
77,2009,0.07646161777190019
77,2010,0.10481154232974485
77,2011,0.06110496959562762
77,2012,0.06144327786241994
77,2013,0.06461538495558412
77,2014,0.06919812150693204
77,2015,0.07232220127568353
77,2016,0.07324099831890704
77,2017,0.07316722633281922
77,2018,0.0718423155154009
77,2019,0.06910853829277629
77,2020,0.06686505700666331
77,2021,0.06513491110199564
78,2008,0.05890491618536416
78,2009,0.0804404243120529
78,2010,0.09372866653656348
78,2011,0.07085168956028959
78,2012,0.056974246888509855
78,2013,0.04845372367805133
78,2014,0.046643304616978555
78,2015,0.051236792894888875
78,2016,0.05825217322298825
78,2017,0.06565110923585847
78,2018,0.07128226436069361
78,2019,0.07231900716724361
78,2020,0.015789845802575822
78,2021,0.034370990297032424
79,2008,0.0765471763979262
79,2009,0.06744547429620992
79,2010,0.07997740074105583
79,2011,0.07898910552263147
79,2012,0.07935909033270898
79,2013,0.07994314759013453
79,2014,0.07749656251990183
79,2015,0.07265374185068108
79,2016,0.07381411184180518
79,2017,0.09019647884615721
79,2018,0.10091530096040223
79,2019,0.10936190138441022
79,2020,0.019615765474652203
79,2021,0.009221486327070023
80,2008,0.006435252345640109
80,2009,0.0060060018203353625
80,2010,0.006035265272554279
80,2011,0.006616118612483222
80,2012,0.006283899536683286
80,2013,0.007309381852222551
80,2014,0.009047095464797313
80,2015,0.009754174872972622
80,2016,0.010292891458053087
80,2017,0.0113092884010869
80,2018,0.012552825901783436
80,2019,0.013077241576512522
80,2020,0.0030828998694702402
80,2021,0.006180636529508161
81,2008,0.16651985904841668
81,2009,0.145821667141074
81,2010,0.14554968396732634
81,2011,0.15806377776990363
81,2012,0.16127221274294787
81,2013,0.15594283331571437
81,2014,0.15692872585880882
81,2015,0.1694628368695092
81,2016,0.20131571325966507
81,2017,0.22865733415995612
81,2018,0.24454105206993348
81,2019,0.24488994412973786
81,2020,0.03864276314609402
81,2021,0.2418682541421478
82,2008,0.05270019482647868
82,2009,0.07279850513371587
82,2010,0.09368518881302915
82,2011,0.10585660862692138
82,2012,0.1355348946882865
82,2013,0.12291929067858975
82,2014,0.14404078329086956
82,2015,0.1636156406278453
82,2016,0.1762635247370098
82,2017,0.20126402581593986
82,2018,0.23204930525157763
82,2019,0.26742862942767576
82,2020,0.11429411547986432
82,2021,0.24431715463283643
84,2008,NA
84,2009,NA
84,2010,NA
84,2011,NA
84,2012,NA
84,2013,NA
84,2014,NA
84,2015,NA
84,2016,NA
84,2017,NA
84,2018,NA
84,2019,NA
84,2020,NA
84,2021,NA
85,2008,NA
85,2009,NA
85,2010,NA
85,2011,NA
85,2012,NA
85,2013,NA
85,2014,NA
85,2015,NA
85,2016,NA
85,2017,NA
85,2018,NA
85,2019,NA
85,2020,NA
85,2021,NA
86,2008,NA
86,2009,NA
86,2010,NA
86,2011,NA
86,2012,NA
86,2013,NA
86,2014,NA
86,2015,NA
86,2016,NA
86,2017,NA
86,2018,NA
86,2019,NA
86,2020,NA
86,2021,NA
88,2008,NA
88,2009,NA
88,2010,NA
88,2011,NA
88,2012,NA
88,2013,NA
88,2014,NA
88,2015,NA
88,2016,NA
88,2017,NA
88,2018,NA
88,2019,NA
88,2020,NA
88,2021,NA
89,2008,NA
89,2009,NA
89,2010,NA
89,2011,NA
89,2012,NA
89,2013,NA
89,2014,NA
89,2015,NA
89,2016,NA
89,2017,NA
89,2018,NA
89,2019,NA
89,2020,NA
89,2021,NA
90,2008,NA
90,2009,NA
90,2010,NA
90,2011,NA
90,2012,NA
90,2013,NA
90,2014,NA
90,2015,NA
90,2016,NA
90,2017,NA
90,2018,NA
90,2019,NA
90,2020,NA
90,2021,NA
91,2008,NA
91,2009,NA
91,2010,NA
91,2011,NA
91,2012,NA
91,2013,NA
91,2014,NA
91,2015,NA
91,2016,NA
91,2017,NA
91,2018,NA
91,2019,NA
91,2020,NA
91,2021,NA
92,2008,NA
92,2009,NA
92,2010,NA
92,2011,NA
92,2012,NA
92,2013,NA
92,2014,NA
92,2015,NA
92,2016,NA
92,2017,NA
92,2018,NA
92,2019,NA
92,2020,NA
92,2021,NA
93,2008,NA
93,2009,NA
93,2010,NA
93,2011,NA
93,2012,NA
93,2013,NA
93,2014,NA
93,2015,NA
93,2016,NA
93,2017,NA
93,2018,NA
93,2019,NA
93,2020,NA
93,2021,NA
94,2008,NA
94,2009,NA
94,2010,NA
94,2011,NA
94,2012,NA
94,2013,NA
94,2014,NA
94,2015,NA
94,2016,NA
94,2017,NA
94,2018,NA
94,2019,NA
94,2020,NA
94,2021,NA
95,2008,NA
95,2009,NA
95,2010,NA
95,2011,NA
95,2012,NA
95,2013,NA
95,2014,NA
95,2015,NA
95,2016,NA
95,2017,NA
95,2018,NA
95,2019,NA
95,2020,NA
95,2021,NA
96,2008,3.940469658752235e-4
96,2009,3.9406009411134876e-4
96,2010,4.039481078318408e-4
96,2011,5.242872736105544e-4
96,2012,5.892450821186509e-4
96,2013,7.75348220370896e-4
96,2014,4.108059479901718e-4
96,2015,2.1874316560662136e-4
96,2016,4.893033024172493e-4
96,2017,4.4286440800461025e-4
96,2018,4.833988797843985e-4
96,2019,5.219632604920642e-4
96,2020,1.9432383184707285e-4
96,2021,3.1669334945598607e-4
97,2008,NA
97,2009,NA
97,2010,NA
97,2011,NA
97,2012,NA
97,2013,NA
97,2014,NA
97,2015,NA
97,2016,NA
97,2017,NA
97,2018,NA
97,2019,NA
97,2020,NA
97,2021,NA
98,2008,0.012174603671075892
98,2009,0.023998905182816478
98,2010,0.03146662454426416
98,2011,0.04550820388855582
98,2012,0.03473220220109386
98,2013,0.04710807040903926
98,2014,0.03960998548948492
98,2015,0.03739737490062447
98,2016,0.045164575425053186
98,2017,0.06700784024687419
98,2018,0.07289952637407392
98,2019,0.10879291546969189
98,2020,0.05844651426939006
98,2021,0.10373718540305707
99,2008,0.008642368746608441
99,2009,0.008480973800294575
99,2010,0.00862579182142236
99,2011,0.00879782982039759
99,2012,0.008994814574622765
99,2013,0.009174603805037054
99,2014,0.009334310727542495
99,2015,0.009549705006152489
99,2016,0.00970845442799663
99,2017,0.009920862784231403
99,2018,0.010115173840411317
99,2019,0.010293697724706445
99,2020,0.010524694582756025
99,2021,0.00973418000518062
100,2008,0.004447428755238152
100,2009,0.006477375800978075
100,2010,0.012824018577111972
100,2011,0.013950500073678204
100,2012,0.015933720650358644
100,2013,0.02084103469030755
100,2014,0.013407651278364834
100,2015,0.012743661761033658
100,2016,0.011933814925338878
100,2017,0.008228084824018501
100,2018,0.008410838199137842
100,2019,0.008215057536140638
100,2020,0.00802569197528475
100,2021,0.007841914572464772
101,2008,0.014824987771968157
101,2009,0.015383636487503282
101,2010,0.015215738961576582
101,2011,0.015634372196121675
101,2012,0.016159756278408956
101,2013,0.017316563326055023
101,2014,0.01910341106497806
101,2015,0.01973814445949539
101,2016,0.020524530906810636
101,2017,0.02057891752093619
101,2018,0.021009572320318623
101,2019,0.021175250767421754
101,2020,0.0022118226899371265
101,2021,0.0029867783326688368
102,2008,0.0031521168509956207
102,2009,0.0022770365572454274
102,2010,0.00259080992010433
102,2011,0.002642249833216822
102,2012,0.0028728200933884397
102,2013,0.002941614654959435
102,2014,0.0028992531145635397
102,2015,0.002647927253725046
102,2016,0.0029580549860395446
102,2017,0.0030173237106757727
102,2018,0.003034763371984984
102,2019,0.0029257704820383782
102,2020,7.918204184984281e-4
102,2021,6.311889754230006e-4
103,2008,0.015596189411322264
103,2009,0.01597059611661716
103,2010,0.008220517424499935
103,2011,0.012273089264163008
103,2012,0.012022359570469992
103,2013,0.0117845271090177
103,2014,0.011561363560266448
103,2015,0.02382241566657098
103,2016,0.026432243378954137
103,2017,0.025999744405401672
103,2018,0.029577827693809147
103,2019,0.03043739383277564
103,2020,0.009159291972057042
103,2021,0.012666991566949878
104,2008,NA
104,2009,NA
104,2010,NA
104,2011,NA
104,2012,NA
104,2013,NA
104,2014,NA
104,2015,NA
104,2016,NA
104,2017,NA
104,2018,NA
104,2019,NA
104,2020,NA
104,2021,NA
105,2008,NA
105,2009,NA
105,2010,NA
105,2011,NA
105,2012,NA
105,2013,NA
105,2014,NA
105,2015,NA
105,2016,NA
105,2017,NA
105,2018,NA
105,2019,NA
105,2020,NA
105,2021,NA
106,2008,0.002528556817467461
106,2009,0.002836098312824933
106,2010,0.0032079556841619118
106,2011,0.002760787297082003
106,2012,0.002962724775526251
106,2013,0.0031822858453655913
106,2014,0.0025784011270214083
106,2015,0.0027379220773191696
106,2016,0.0027819573785584787
106,2017,0.0028254417659727437
106,2018,0.0027289890607797972
106,2019,0.0031590044169307525
106,2020,9.721347132811142e-4
106,2021,0.0016748008119661971
107,2008,NA
107,2009,NA
107,2010,NA
107,2011,NA
107,2012,NA
107,2013,NA
107,2014,NA
107,2015,NA
107,2016,NA
107,2017,NA
107,2018,NA
107,2019,NA
107,2020,NA
107,2021,NA
108,2008,1
108,2009,1
108,2010,1
108,2011,1
108,2012,1
108,2013,1
108,2014,1
108,2015,1
108,2016,1
108,2017,1
108,2018,1
108,2019,1
108,2020,0.38974789012441263
108,2021,0.6697559827340303
110,2008,0.03145860366557284
110,2009,0.02820137707218608
110,2010,0.028681558281594244
110,2011,0.02785376356025818
110,2012,0.02909952265153346
110,2013,0.027740835928175358
110,2014,0.028830375727431093
110,2015,0.029597358245377094
110,2016,0.02941112979686675
110,2017,0.028271632787034116
110,2018,0.03156753234692798
110,2019,0.03470222902053747
110,2020,0.008429231136320613
110,2021,0.016970574698828983
111,2008,1
111,2009,0.9660835043687338
111,2010,0.7436264292101422
111,2011,0.9036743736539372
111,2012,0.715275751044558
111,2013,0.6804854791689862
111,2014,0.804981905923367
111,2015,0.8310506688979645
111,2016,0.9235178424799904
111,2017,0.8221153546276534
111,2018,0.8362026283672279
111,2019,0.889279409597904
111,2020,0.29226882506563195
111,2021,0.7062015365781759
112,2008,0.0013962202702726308
112,2009,0.001449029668675203
112,2010,0.0015095178656551402
112,2011,0.0016173138600381587
112,2012,0.0016969515519926965
112,2013,0.0017047170195605647
112,2014,0.0017883327076777765
112,2015,0.0021018263030444704
112,2016,0.002382544036564533
112,2017,0.0027549235008883385
112,2018,0.0028109181357684875
112,2019,0.0025608818997447176
112,2020,6.527071574358634e-4
112,2021,0.0025746061441639764
113,2008,1
113,2009,1
113,2010,1
113,2011,1
113,2012,1
113,2013,1
113,2014,1
113,2015,1
113,2016,1
113,2017,1
113,2018,1
113,2019,1
113,2020,0.4118791411978472
113,2021,0.05769862708356328
114,2008,9.006640062364901e-4
114,2009,0.0013294216150663398
114,2010,8.659864104773909e-4
114,2011,0.0011719450931990374
114,2012,0.0011540646086019252
114,2013,0.0013681823098564095
114,2014,0.0014933711892393556
114,2015,0.0016327676457767693
114,2016,0.0013883775312707612
114,2017,0.0014369394882773278
114,2018,0.0013568061519688118
114,2019,8.565996267819803e-4
114,2020,6.001355810583692e-4
114,2021,8.351141648959207e-4
115,2008,0.015422183649130455
115,2009,0.01526808971625749
115,2010,0.01557068989447376
115,2011,0.01604387013084043
115,2012,0.016785935827552143
115,2013,0.017038816306009643
115,2014,0.01845156245462801
115,2015,0.019858453680190746
115,2016,0.02088817103411789
115,2017,0.021446049768119386
115,2018,0.022516351369884266
115,2019,0.021858507259279812
115,2020,0.008068073996979609
115,2021,0.01657528637322756
116,2008,0.051657756233208035
116,2009,0.045346873163264606
116,2010,0.04571701635581632
116,2011,0.044475103799143705
116,2012,0.04591083345331651
116,2013,0.04735789130495065
116,2014,0.04938285747674401
116,2015,0.05443780971819198
116,2016,0.05837544319818784
116,2017,0.0549449746913047
116,2018,0.04868991700217815
116,2019,0.0521484828728384
116,2020,0.04015877275191591
116,2021,0.0510926835507157
117,2008,1
117,2009,1
117,2010,1
117,2011,1
117,2012,1
117,2013,1
117,2014,1
117,2015,1
117,2016,1
117,2017,1
117,2018,1
117,2019,1
117,2020,0.5838109864387472
117,2021,1
118,2008,1
118,2009,1
118,2010,1
118,2011,1
118,2012,1
118,2013,1
118,2014,1
118,2015,1
118,2016,1
118,2017,1
118,2018,1
118,2019,1
118,2020,0.6015309839767767
118,2021,0.6654595959555795
119,2008,1
119,2009,0.6961528625327843
119,2010,0.8199348516798853
119,2011,0.8668797793397397
119,2012,0.8642279376613689
119,2013,0.8884130107407925
119,2014,0.9377986417509881
119,2015,0.9792736652603076
119,2016,0.9627160959640338
119,2017,0.9544767387150533
119,2018,1
119,2019,0.9974995835775265
119,2020,0.24474647437669458
119,2021,0.9997206262162531
120,2008,0.7739153857970312
120,2009,0.6704798660546668
120,2010,0.6500902549603218
120,2011,0.6730603494100699
120,2012,0.6823818000929193
120,2013,0.6650878712623723
120,2014,0.6758659312437448
120,2015,0.6732612200223138
120,2016,0.708747566731025
120,2017,0.6565825123338338
120,2018,0.7111068390158795
120,2019,0.7914582543677325
120,2020,0.32673847119715815
120,2021,0.4401596920743866
121,2008,1
121,2009,1
121,2010,1
121,2011,0.9513288601062226
121,2012,1
121,2013,1
121,2014,1
121,2015,1
121,2016,1
121,2017,1
121,2018,1
121,2019,1
121,2020,0.8738731188448124
121,2021,0.3168714424629009
122,2008,0.6681592111823095
122,2009,0.6234155897012496
122,2010,0.6811996617646332
122,2011,0.6896745091836456
122,2012,0.6747844890580418
122,2013,0.6977186672053172
122,2014,0.7357822851996345
122,2015,0.7475180726992757
122,2016,0.7506416396836144
122,2017,0.8290835003893925
122,2018,0.8449566664362275
122,2019,0.903461677637101
122,2020,0.27748014630379836
122,2021,0.421509561813873
123,2008,0.4119152521179939
123,2009,0.3813752877398218
123,2010,0.39172752869705524
123,2011,0.3867132768418518
123,2012,0.40112632901772355
123,2013,0.3964458709726891
123,2014,0.4109389507233798
123,2015,0.3747291259125391
123,2016,0.3893401126574311
123,2017,0.3577165098227172
123,2018,0.31114575788822363
123,2019,0.4407290460507217
123,2020,0.10688530447775552
123,2021,0.43474001962811343
124,2008,0.9947073679786094
124,2009,0.9050588040845243
124,2010,0.9246219305901245
124,2011,0.9844131580873372
124,2012,0.9265619043507182
124,2013,0.8777651462809563
124,2014,0.8964256993506566
124,2015,1
124,2016,1
124,2017,1
124,2018,1
124,2019,0.8912369125230837
124,2020,0.35278147960783424
124,2021,0.8880041186014138
125,2008,0.28999641034496
125,2009,0.2525732373032987
125,2010,0.24202272142430656
125,2011,0.25763852463683723
125,2012,0.27058172979684525
125,2013,0.27462822293687644
125,2014,0.3190282724464645
125,2015,0.32686964309651023
125,2016,0.32627460689975896
125,2017,0.34859761133219896
125,2018,0.3830425660528517
125,2019,0.384366210962605
125,2020,0.10997054154987579
125,2021,0.3785487430717818
126,2008,0.02596633644042604
126,2009,0.024747744307990514
126,2010,0.02276881287679022
126,2011,0.02511896526835936
126,2012,0.02632569315069516
126,2013,0.024930234746996262
126,2014,0.02350445669685886
126,2015,0.024938257765780614
126,2016,0.02303683960709469
126,2017,0.022108703437236064
126,2018,0.02062517706326679
126,2019,0.021180577997613248
126,2020,0.005178794952180793
126,2021,0.0022240481184487627
127,2008,0.13586165603540895
127,2009,0.12183073469854021
127,2010,0.11752673531046356
127,2011,0.12146364614865418
127,2012,0.12216040198085874
127,2013,0.11955897983542253
127,2014,0.11849172414065445
127,2015,0.1256727700389517
127,2016,0.1330236836183353
127,2017,0.12847410275112187
127,2018,0.13558014987737735
127,2019,0.1462445655063015
127,2020,0.04604212519825251
127,2021,0.04138604802141385
129,2008,0.005019523332547211
129,2009,0.004743390763286245
129,2010,0.005140711071163481
129,2011,0.005618365273264639
129,2012,0.006017679580848663
129,2013,0.006104102209602364
129,2014,0.006313324376011482
129,2015,0.007502103274222592
129,2016,0.006712663075701099
129,2017,0.006330473662500837
129,2018,0.0060294003921684824
129,2019,0.005827189809368624
129,2020,0.0013563624255426854
129,2021,0.0019982519287893136
130,2008,0.01737503432314449
130,2009,0.015779812155145154
130,2010,0.0170118199119438
130,2011,0.01753826648792102
130,2012,0.018522146746067364
130,2013,0.018974009709585394
130,2014,0.019532614919396174
130,2015,0.020346633916781764
130,2016,0.022147600018988526
130,2017,0.022194328734355066
130,2018,0.02241127841144372
130,2019,0.023116678428003995
130,2020,0.007396603802071253
130,2021,0.00978615084532367
131,2008,0.004326782770618963
131,2009,0.004632440507988224
131,2010,0.004952080090469257
131,2011,0.005116236907446898
131,2012,0.0056122734677266735
131,2013,0.005760529113650607
131,2014,0.006144272789729419
131,2015,0.0063115668158425465
131,2016,0.006751757243108277
131,2017,0.007909185069456467
131,2018,0.0054814383314409
131,2019,0.005573879527961639
131,2020,0.0016302949301976856
131,2021,9.311675247956469e-4
132,2008,8.118555544138353e-4
132,2009,8.190039253664307e-4
132,2010,4.8130551404368453e-4
132,2011,6.922508674322305e-4
132,2012,7.310320669896047e-4
132,2013,7.59689787019901e-4
132,2014,8.393586578923047e-4
132,2015,0.0010097118482461848
132,2016,0.0010863377078376404
132,2017,0.0011786235947600166
132,2018,0.0012524511268463142
132,2019,0.0012753100934348712
132,2020,3.8041592113520863e-4
132,2021,6.422129418002337e-4
133,2008,0.003471322067003364
133,2009,0.003268683677630223
133,2010,0.0033049245936706832
133,2011,0.0032691900487761675
133,2012,0.00329437205656239
133,2013,0.003116925054843988
133,2014,0.0030775621966994317
133,2015,0.0030641627207310578
133,2016,0.0028666301650778696
133,2017,0.00285752803196133
133,2018,0.002799172905622378
133,2019,0.0023528037770146034
133,2020,6.52273028900503e-4
133,2021,0.0014452564369168233
134,2008,0.030608304433887377
134,2009,0.024019552014064444
134,2010,0.025223894850169782
134,2011,0.02587098944228536
134,2012,0.02731582376485427
134,2013,0.027815318144534466
134,2014,0.029047314768359363
134,2015,0.030173647936821146
134,2016,0.03076634129842545
134,2017,0.033297837719989384
134,2018,0.03583820942798799
134,2019,0.03771014528053201
134,2020,0.01169971637997159
134,2021,0.02588986572099609
135,2008,7.31662712184691e-4
135,2009,7.042333908852215e-4
135,2010,7.243109452393714e-4
135,2011,7.175083034241686e-4
135,2012,7.075571231302134e-4
135,2013,7.206173863114453e-4
135,2014,8.648223603566907e-4
135,2015,9.348029146778375e-4
135,2016,0.0010102651506288332
135,2017,0.0011194096393195617
135,2018,0.0011658687153444783
135,2019,0.0012597109591735644
135,2020,6.89509437232069e-4
135,2021,0.0012436065307654186
136,2008,0.014289104675820527
136,2009,0.009688333623082097
136,2010,0.010089058708902195
136,2011,0.010270145987002668
136,2012,0.010437111130719082
136,2013,0.010460421799886661
136,2014,0.011515885422968964
136,2015,0.012165128135319885
136,2016,0.012874853218221913
136,2017,0.01332231840505904
136,2018,0.014007406775732064
136,2019,0.013569079760612637
136,2020,0.003017741099500349
136,2021,0.004524344022455983
137,2008,NA
137,2009,NA
137,2010,NA
137,2011,NA
137,2012,NA
137,2013,NA
137,2014,NA
137,2015,NA
137,2016,NA
137,2017,NA
137,2018,NA
137,2019,NA
137,2020,NA
137,2021,NA
138,2008,0.0012203411897212537
138,2009,0.0012600790177640271
138,2010,0.0013435015143299642
138,2011,0.001505451912982053
138,2012,0.0016340884891001227
138,2013,0.0017991832967359043
138,2014,0.001809203393675712
138,2015,0.0019221585916703407
138,2016,0.002054185202760842
138,2017,0.002179112719658686
138,2018,0.0023438865341178974
138,2019,0.0022750916827066533
138,2020,4.6005296281869e-4
138,2021,2.24944502735268e-4
139,2008,2.69805297460722e-4
139,2009,2.1390743830711749e-4
139,2010,1.9750605752352245e-4
139,2011,2.204880891155956e-4
139,2012,3.6147174869685075e-4
139,2013,3.5629582127905606e-4
139,2014,3.060375193764097e-4
139,2015,0.00027864937166077205
139,2016,2.1079182075020187e-4
139,2017,1.506362757895246e-4
139,2018,1.5436247858387735e-4
139,2019,1.5891247058248765e-4
139,2020,1.6159664861989585e-4
139,2021,1.6326182398174633e-4
140,2008,0.08505000935243832
140,2009,0.0752092787931122
140,2010,0.08310255199838355
140,2011,0.07799645744039022
140,2012,0.07817665095479484
140,2013,0.0942931092326855
140,2014,0.09441575888713691
140,2015,0.09696573045019566
140,2016,0.10737356740752912
140,2017,0.11632518200213496
140,2018,0.12530530542754442
140,2019,0.05501259355075361
140,2020,0.03096834979045141
140,2021,0.028901166610972483
141,2008,NA
141,2009,NA
141,2010,NA
141,2011,NA
141,2012,NA
141,2013,NA
141,2014,NA
141,2015,NA
141,2016,NA
141,2017,NA
141,2018,NA
141,2019,NA
141,2020,NA
141,2021,NA
143,2008,0.02018443117184637
143,2009,0.01979510234675563
143,2010,0.01962296478697281
143,2011,0.022643604685403856
143,2012,0.026781402292244353
143,2013,0.03182330426965254
143,2014,0.03886636548302281
143,2015,0.049728642014194885
143,2016,0.06818099366982212
143,2017,0.08269297188100531
143,2018,0.08480629857169802
143,2019,0.07125272726942997
143,2020,0.016936084532980792
143,2021,0.023913585875088447
144,2008,NA
144,2009,NA
144,2010,NA
144,2011,NA
144,2012,NA
144,2013,NA
144,2014,NA
144,2015,NA
144,2016,NA
144,2017,NA
144,2018,NA
144,2019,NA
144,2020,NA
144,2021,NA
145,2008,NA
145,2009,NA
145,2010,NA
145,2011,NA
145,2012,NA
145,2013,NA
145,2014,NA
145,2015,NA
145,2016,NA
145,2017,NA
145,2018,NA
145,2019,NA
145,2020,NA
145,2021,NA
146,2008,NA
146,2009,NA
146,2010,NA
146,2011,NA
146,2012,NA
146,2013,NA
146,2014,NA
146,2015,NA
146,2016,NA
146,2017,NA
146,2018,NA
146,2019,NA
146,2020,NA
146,2021,NA
147,2008,0.005002621729729127
147,2009,0.004058817359216494
147,2010,0.00388589395195981
147,2011,0.004091696052786634
147,2012,0.004222785439072378
147,2013,0.004077250163617246
147,2014,0.004471312877767149
147,2015,0.004515606972563775
147,2016,0.004683782397464244
147,2017,0.00482317847735933
147,2018,0.0052045008945197846
147,2019,0.005662408795734293
147,2020,0.0018262620443143392
147,2021,0.0019548932487117292
148,2008,NA
148,2009,NA
148,2010,NA
148,2011,NA
148,2012,NA
148,2013,NA
148,2014,NA
148,2015,NA
148,2016,NA
148,2017,NA
148,2018,NA
148,2019,NA
148,2020,NA
148,2021,NA
149,2008,NA
149,2009,NA
149,2010,NA
149,2011,NA
149,2012,NA
149,2013,NA
149,2014,NA
149,2015,NA
149,2016,NA
149,2017,NA
149,2018,NA
149,2019,NA
149,2020,NA
149,2021,NA
150,2008,NA
150,2009,NA
150,2010,NA
150,2011,NA
150,2012,NA
150,2013,NA
150,2014,NA
150,2015,NA
150,2016,NA
150,2017,NA
150,2018,NA
150,2019,NA
150,2020,NA
150,2021,NA
151,2008,0.09861711139229255
151,2009,0.09627479393871567
151,2010,0.09552810216053322
151,2011,0.09438794270195688
151,2012,0.09547613507186081
151,2013,0.08902588965011744
151,2014,0.09382740781017035
151,2015,0.08963781565854553
151,2016,0.09037326815422304
151,2017,0.09171437823003623
151,2018,0.09461905198447475
151,2019,0.0920312241663657
151,2020,0.0044196902523902385
151,2021,0.09670277692409439
152,2008,0.07323787657590515
152,2009,0.07517606064046367
152,2010,0.07459835359107735
152,2011,0.07335422878634404
152,2012,0.07570182686449546
152,2013,0.06906108166567591
152,2014,0.07103473717449493
152,2015,0.07484571856212743
152,2016,0.07760199692785719
152,2017,0.08370196514374968
152,2018,0.09309283347329123
152,2019,0.09661846762946048
152,2020,0.01279351446312614
152,2021,0.0014147196797572167
153,2008,0.45754339283288564
153,2009,0.46988354205753535
153,2010,0.4675880198616148
153,2011,0.4921213072568331
153,2012,0.5244208013154383
153,2013,0.5227025868819747
153,2014,0.5299171968902611
153,2015,0.5466860768440331
153,2016,0.6439073449236218
153,2017,0.7163813021070813
153,2018,0.7581152399181705
153,2019,0.7780128138438419
153,2020,0.11454282111354461
153,2021,0.11969715410292968
154,2008,NA
154,2009,NA
154,2010,NA
154,2011,NA
154,2012,NA
154,2013,NA
154,2014,NA
154,2015,NA
154,2016,NA
154,2017,NA
154,2018,NA
154,2019,NA
154,2020,NA
154,2021,NA
155,2008,0.01981919409732001
155,2009,0.018078900748321566
155,2010,0.01859126967535062
155,2011,0.01811860848944303
155,2012,0.018688974604448877
155,2013,0.019077692806347028
155,2014,0.020035080671884347
155,2015,0.021488224157280626
155,2016,0.023697766152853496
155,2017,0.02513050874181359
155,2018,0.02176748024985062
155,2019,0.02718016942274855
155,2020,0.0036243286846925744
155,2021,7.996098977388998e-5
156,2008,NA
156,2009,NA
156,2010,NA
156,2011,NA
156,2012,NA
156,2013,NA
156,2014,NA
156,2015,NA
156,2016,NA
156,2017,NA
156,2018,NA
156,2019,NA
156,2020,NA
156,2021,NA
157,2008,NA
157,2009,NA
157,2010,NA
157,2011,NA
157,2012,NA
157,2013,NA
157,2014,NA
157,2015,NA
157,2016,NA
157,2017,NA
157,2018,NA
157,2019,NA
157,2020,NA
157,2021,NA
158,2008,NA
158,2009,NA
158,2010,NA
158,2011,NA
158,2012,NA
158,2013,NA
158,2014,NA
158,2015,NA
158,2016,NA
158,2017,NA
158,2018,NA
158,2019,NA
158,2020,NA
158,2021,NA
159,2008,NA
159,2009,NA
159,2010,NA
159,2011,NA
159,2012,NA
159,2013,NA
159,2014,NA
159,2015,NA
159,2016,NA
159,2017,NA
159,2018,NA
159,2019,NA
159,2020,NA
159,2021,NA
161,2008,NA
161,2009,NA
161,2010,NA
161,2011,NA
161,2012,NA
161,2013,NA
161,2014,NA
161,2015,NA
161,2016,NA
161,2017,NA
161,2018,NA
161,2019,NA
161,2020,NA
161,2021,NA
162,2008,0.0029689451490035293
162,2009,0.002941891115419445
162,2010,0.0029853802618052838
162,2011,0.003055174331482226
162,2012,0.0029924886202960833
162,2013,0.0031569091534291802
162,2014,0.0032737916805398665
162,2015,0.003516787539274948
162,2016,0.0038132118964851404
162,2017,0.003939394152604911
162,2018,0.004012046007186617
162,2019,0.003965853551302716
162,2020,9.934209627901459e-4
162,2021,2.1393104952519717e-4
163,2008,1.7184227142380578e-4
163,2009,1.618145594331992e-4
163,2010,1.747684354747689e-4
163,2011,1.8352795126684617e-4
163,2012,1.9220167531849413e-4
163,2013,2.0420253947323156e-4
163,2014,2.1328258792545213e-4
163,2015,2.1844264587652404e-4
163,2016,2.1305627665907094e-4
163,2017,2.1387183998355754e-4
163,2018,2.198027163412812e-4
163,2019,2.179701719534064e-4
163,2020,5.220731591375495e-5
163,2021,5.996228553862216e-5
164,2008,0.02763300095057451
164,2009,0.025458809761493208
164,2010,0.025901967651443182
164,2011,0.026154758385806488
164,2012,0.02833283591296368
164,2013,0.02940609606448636
164,2014,0.0314098202316585
164,2015,0.03266808926764521
164,2016,0.03622990629584657
164,2017,0.03928877614834748
164,2018,0.04412519857838791
164,2019,0.04456855364142716
164,2020,0.012579690554865684
164,2021,0.018874118279816075
166,2008,0.04744534333269143
166,2009,0.0489646393323909
166,2010,0.05118205332632267
166,2011,0.05174863089347274
166,2012,0.05238962259300923
166,2013,0.05272619741962011
166,2014,0.05438206784466916
166,2015,0.055309628199343874
166,2016,0.056679396671211114
166,2017,0.06099763339198113
166,2018,0.06402957145093721
166,2019,0.0693671844441559
166,2020,0.022725324625179285
166,2021,0.03769248962991866
167,2008,0.013937765237036662
167,2009,0.015175308586449754
167,2010,0.016431946089439868
167,2011,0.017056896261404487
167,2012,0.0192365730595989
167,2013,0.021635792569539108
167,2014,0.022175239217422985
167,2015,0.022167314885357413
167,2016,0.025031324863595057
167,2017,0.026165951404871882
167,2018,0.029541700794812394
167,2019,0.03188640659836238
167,2020,0.008763001602560412
167,2021,0.03165598754319
168,2008,0.03108055565116525
168,2009,0.03073238748946154
168,2010,0.041257247237271755
168,2011,0.04378964335159902
168,2012,0.047259956436841735
168,2013,0.048524795512577885
168,2014,0.04861504598050892
168,2015,0.043542267639039164
168,2016,0.04838692319078296
168,2017,0.05199911718117078
168,2018,0.05145995855225406
168,2019,0.05089538296929627
168,2020,0.050328299756783074
168,2021,0.0498422462080663
169,2008,0.04819270582577727
169,2009,0.03587536044681248
169,2010,0.0350999706570101
169,2011,0.03432239164560098
169,2012,0.033517607556943184
169,2013,0.03267989957143968
169,2014,0.03190105456715334
169,2015,0.03270290323019187
169,2016,0.03529071860860728
169,2017,0.03981447379759919
169,2018,0.03876449385540579
169,2019,0.03775078885958826
169,2020,0.03685689676038295
169,2021,0.03605349962530579
171,2008,8.155504636290432e-5
171,2009,7.681431251157429e-5
171,2010,8.178506641358747e-5
171,2011,8.529960952915592e-5
171,2012,8.833159871017617e-5
171,2013,8.966569934584304e-5
171,2014,9.833575595060366e-5
171,2015,9.562696118053848e-5
171,2016,9.847942120431298e-5
171,2017,9.832906235355002e-5
171,2018,9.802541438488716e-5
171,2019,9.33397837601672e-5
171,2020,3.132051013830584e-5
171,2021,9.223214854407187e-5
172,2008,0.0010245458703894133
172,2009,9.296174447244558e-4
172,2010,0.0014636171937700154
172,2011,0.0014261990294186266
172,2012,0.0013667411337395766
172,2013,0.0013542353855898947
172,2014,0.0014741934079206746
172,2015,0.0013873503610538846
172,2016,0.001342953203950113
172,2017,0.001337667920356344
172,2018,0.0013697272091574518
172,2019,0.0014454671639711901
172,2020,4.043603821188868e-4
172,2021,5.691986488978329e-5
173,2008,0.0377994749701057
173,2009,0.03998524280007211
173,2010,0.04566758226327768
173,2011,0.05530111209180419
173,2012,0.052018439821198866
173,2013,0.05163293599785411
173,2014,0.05145417836187094
173,2015,0.05302559957106836
173,2016,0.057887591837564444
173,2017,0.06985672233278634
173,2018,0.0658657001367803
173,2019,0.05805789561570182
173,2020,0.058046433320696145
173,2021,0.05809431037047179
174,2008,0.005959410165274967
174,2009,0.005666127863254546
174,2010,0.006047260291370131
174,2011,0.0068754426226279855
174,2012,0.006898306179678047
174,2013,0.004544692904408806
174,2014,0.004419139455269043
174,2015,0.004228810245888259
174,2016,0.004485240857803685
174,2017,0.005102055918966882
174,2018,0.005165793894326433
174,2019,0.005265739652568043
174,2020,0.0014320153357167229
174,2021,0.0012871019582703998
175,2008,0.024954917365889548
175,2009,0.023530552153872893
175,2010,0.023966214360096435
175,2011,0.02146567949186181
175,2012,0.022959572395696765
175,2013,0.02317277039615781
175,2014,0.027662911294966803
175,2015,0.02788821802422084
175,2016,0.02861911541991622
175,2017,0.03277437902740653
175,2018,0.03345999276043026
175,2019,0.03860726161161454
175,2020,0.015475636509048192
175,2021,0.01788552475556643
176,2008,0.0074409358912917905
176,2009,0.007260757616979591
176,2010,0.008069035118574165
176,2011,0.008678492199689303
176,2012,0.009284085316921393
176,2013,0.009604035633703262
176,2014,0.01000491803114301
176,2015,0.01051111261577645
176,2016,0.010601029284826749
176,2017,0.011124981586315065
176,2018,0.011514803773925027
176,2019,0.011690387607322467
176,2020,0.0036755249311138933
176,2021,0.0034493819371391172
177,2008,0.026474695479580767
177,2009,0.02586184926458078
177,2010,0.02822442863045047
177,2011,0.029169521083528747
177,2012,0.030039075985795735
177,2013,0.03277903206998532
177,2014,0.03557917111932717
177,2015,0.038174171871798813
177,2016,0.040048897047102607
177,2017,0.04508498090759636
177,2018,0.04696307789322468
177,2019,0.05000785474718764
177,2020,0.017948946382083796
177,2021,0.049471155128583
178,2008,0.026533774504228728
178,2009,0.024326610137785518
178,2010,0.025586246443131355
178,2011,0.02737712708535809
178,2012,0.03043277432641583
178,2013,0.0324210347552847
178,2014,0.03285600988417857
178,2015,0.03437385782012207
178,2016,0.035916061143445664
178,2017,0.037529254795814725
178,2018,0.040333032718854085
178,2019,0.04350090635147546
178,2020,0.017337756497527296
178,2021,0.04375254052637977
179,2008,0.014008839943372585
179,2009,0.013505402095777152
179,2010,0.013418525265960502
179,2011,0.014025029899848617
179,2012,0.01421410244194201
179,2013,0.014426171550676277
179,2014,0.014370282389783622
179,2015,0.01444775529535785
179,2016,0.014107674925688578
179,2017,0.014760248551010565
179,2018,0.015142084152782738
179,2019,0.015359441131824672
179,2020,0.007023208709535824
179,2021,0.015277456183833473
180,2008,0.0024367796791945726
180,2009,0.0023554338276941195
180,2010,0.0023015370134595006
180,2011,0.002399969693044765
180,2012,0.0023854572118547574
180,2013,0.002489136830586979
180,2014,0.002599111059419541
180,2015,0.0026971532694024473
180,2016,0.002845016984737811
180,2017,0.002991027283624486
180,2018,0.002906872780134993
180,2019,0.0029468894090442198
180,2020,7.980542722388737e-4
180,2021,0.0029385370246562356
181,2008,0.031569038544313706
181,2009,0.027991083772816436
181,2010,0.02762599523713315
181,2011,0.02941816144473414
181,2012,0.028986624509253166
181,2013,0.03154597363983619
181,2014,0.033412806855405014
181,2015,0.03578388813951798
181,2016,0.037506340222618825
181,2017,0.037974475573692795
181,2018,0.039640222691042115
181,2019,0.03919125221319343
181,2020,0.03878999913058797
181,2021,0.03842174127922468
182,2008,0.016117673173370595
182,2009,0.014574973942571644
182,2010,0.014646770081466818
182,2011,0.015564535296133001
182,2012,0.015910781042468118
182,2013,0.016854989229447316
182,2014,0.018093501422621054
182,2015,0.0190098693922233
182,2016,0.020983058497520336
182,2017,0.02275558444455933
182,2018,0.02291599232623674
182,2019,0.022944714402190338
182,2020,0.005176631733024128
182,2021,0.008516453854039843
183,2008,0.033438456741634044
183,2009,0.030897021499482726
183,2010,0.03240324064414192
183,2011,0.03489100043687722
183,2012,0.036185389991031394
183,2013,0.044502306146294
183,2014,0.05117863010859193
183,2015,0.05739324981005822
183,2016,0.06560939343923772
183,2017,0.07597548580596894
183,2018,0.07981529627660003
183,2019,0.08520452324443684
183,2020,0.02072348290040635
183,2021,0.031162803984626977
184,2008,0.0055723653698280815
184,2009,0.005612585580762102
184,2010,0.005645428068093404
184,2011,0.005957780145514399
184,2012,0.005972792338040493
184,2013,0.006075111047903716
184,2014,0.00612966167989062
184,2015,0.006407893644358657
184,2016,0.006626287384609322
184,2017,0.007381425537849157
184,2018,0.00781622019435993
184,2019,0.008285184033815753
184,2020,0.003250861866656146
184,2021,0.0034893194688988623
185,2008,1
185,2009,1
185,2010,1
185,2011,1
185,2012,1
185,2013,1
185,2014,1
185,2015,1
185,2016,1
185,2017,1
185,2018,1
185,2019,1
185,2020,1
185,2021,1
186,2008,0.6176728700960068
186,2009,0.6241208205867674
186,2010,0.6492340167838812
186,2011,0.7159112517533278
186,2012,0.7528315425958552
186,2013,0.7877979538074925
186,2014,0.8024893372543284
186,2015,0.9268008313523971
186,2016,0.9871708644901104
186,2017,1
186,2018,1
186,2019,1
186,2020,0.20881648116630067
186,2021,1
187,2008,0.03767698652812819
187,2009,0.03784280826827345
187,2010,0.039747959664225535
187,2011,0.043457654132215924
187,2012,0.0455315650665418
187,2013,0.048208103020662176
187,2014,0.05138928325406769
187,2015,0.056539938570309214
187,2016,0.06199099544713814
187,2017,0.07084516942640025
187,2018,0.07630354726430479
187,2019,0.07999118384748069
187,2020,0.02567145688350919
187,2021,0.05140647206899133
188,2008,1
188,2009,1
188,2010,1
188,2011,1
188,2012,1
188,2013,1
188,2014,1
188,2015,1
188,2016,1
188,2017,1
188,2018,1
188,2019,1
188,2020,1
188,2021,1
189,2008,0.15869584858524918
189,2009,0.13357370541229233
189,2010,0.1532894823897304
189,2011,0.18467403865008383
189,2012,0.20034838995684726
189,2013,0.21431635989313869
189,2014,0.22164643916273472
189,2015,0.22460906052722046
189,2016,0.252195662212521
189,2017,0.28103202668353444
189,2018,0.317688148441013
189,2019,0.324167899380645
189,2020,0.10562227124302684
189,2021,0.3233922127875744
190,2008,0.0874608423496133
190,2009,0.0784448379630873
190,2010,0.07371893091943317
190,2011,0.070014251978428
190,2012,0.0662855299508687
190,2013,0.06205729351455609
190,2014,0.05704207698300603
190,2015,0.05231470864876416
190,2016,0.048674220842201396
190,2017,0.046581524881920536
190,2018,0.045655915717956214
190,2019,0.04499718869498722
190,2020,0.0457608931385196
190,2021,0.04698907759409889
191,2008,NA
191,2009,NA
191,2010,NA
191,2011,NA
191,2012,NA
191,2013,NA
191,2014,NA
191,2015,NA
191,2016,NA
191,2017,NA
191,2018,NA
191,2019,NA
191,2020,NA
191,2021,NA
192,2008,NA
192,2009,NA
192,2010,NA
192,2011,NA
192,2012,NA
192,2013,NA
192,2014,NA
192,2015,NA
192,2016,NA
192,2017,NA
192,2018,NA
192,2019,NA
192,2020,NA
192,2021,NA
193,2008,3.865245064600799e-4
193,2009,3.348562740981996e-4
193,2010,4.547870959813448e-4
193,2011,7.290186981888878e-4
193,2012,6.846017477648041e-4
193,2013,6.683240386118971e-4
193,2014,6.618598940948661e-4
193,2015,7.825582416022651e-4
193,2016,7.874838291402637e-4
193,2017,8.416291766397149e-4
193,2018,9.132198522423923e-4
193,2019,8.49958185734011e-4
193,2020,8.308278567352384e-4
193,2021,8.127281940577507e-4
194,2008,1.7614739792589247e-4
194,2009,1.7190182174795426e-4
194,2010,8.665921584910195e-5
194,2011,8.931647972007606e-4
194,2012,6.38699734879696e-4
194,2013,3.6358560936941456e-4
194,2014,2.0900148014591673e-4
194,2015,2.1608872058719746e-4
194,2016,3.7901687581241367e-4
194,2017,5.805238682001448e-4
194,2018,5.660013664904519e-4
194,2019,5.51818960136854e-4
194,2020,5.381285760264786e-4
194,2021,5.25134462218536e-4
195,2008,NA
195,2009,NA
195,2010,NA
195,2011,NA
195,2012,NA
195,2013,NA
195,2014,NA
195,2015,NA
195,2016,NA
195,2017,NA
195,2018,NA
195,2019,NA
195,2020,NA
195,2021,NA
196,2008,3.2539723954651354e-4
196,2009,3.409994400536604e-4
196,2010,3.648513552865894e-4
196,2011,1.6318770768576824e-4
196,2012,1.0791396740511242e-4
196,2013,1.2968139082868195e-4
196,2014,1.263175991819654e-4
196,2015,2.575847225626474e-4
196,2016,3.781119669908324e-4
196,2017,3.7609207451625354e-4
196,2018,3.742425721081521e-4
196,2019,3.724359987965771e-4
196,2020,9.100003570230525e-5
196,2021,9.166781971307223e-5
197,2008,0.0019554613579882475
197,2009,0.00195997475479896
197,2010,0.0021896508707251075
197,2011,0.0022444914391685127
197,2012,0.0029532309615505283
197,2013,0.002871298677396109
197,2014,0.002785449755827672
197,2015,0.0026991408807708777
197,2016,0.0026195741749221128
197,2017,0.002546382679377012
197,2018,0.0024769709401824894
197,2019,0.0024091828431447872
197,2020,0.002344727250841327
197,2021,0.0022837318703468577
198,2008,0.007850196320789225
198,2009,0.007595901046930591
198,2010,0.007340368597452349
198,2011,0.0070861164507439785
198,2012,0.00683840976582723
198,2013,0.006602864963965218
198,2014,0.006385901049616623
198,2015,0.006191785136108646
198,2016,0.0060205662379188354
198,2017,0.005868635351562204
198,2018,0.005729960150283713
198,2019,0.0056002431837843146
198,2020,0.005478622233160603
198,2021,0.005364878725182356
199,2008,5.463801864599043e-4
199,2009,5.60955447532373e-4
199,2010,8.299205060395239e-4
199,2011,0.0018429254384611541
199,2012,0.0016000498718158718
199,2013,0.001768661356354292
199,2014,0.0029880779719280905
199,2015,0.0030614613551008685
199,2016,0.0029321071630947896
199,2017,0.0028328794369377073
199,2018,0.002741664974892245
199,2019,0.0026556846862293543
199,2020,0.0025714185782566013
199,2021,0.002489874832150884
200,2008,3.880162294077546e-4
200,2009,4.6552505002033363e-4
200,2010,5.207519201205952e-4
200,2011,5.676266547817269e-4
200,2012,6.001057520294498e-4
200,2013,7.116788227280447e-4
200,2014,6.278940681518347e-4
200,2015,6.025314873223561e-4
200,2016,3.898287190960237e-4
200,2017,2.473444058595783e-4
200,2018,1.9955937413313024e-4
200,2019,1.9289751332717084e-4
200,2020,5.480950157661625e-5
200,2021,1.8087663895583695e-4
202,2008,4.189246413005197e-4
202,2009,3.7860349933031503e-4
202,2010,4.0024925018085426e-4
202,2011,4.349072574726666e-4
202,2012,5.226602434682244e-4
202,2013,5.168112848873106e-4
202,2014,5.244983727825308e-4
202,2015,5.031445265369557e-4
202,2016,5.427338048468154e-4
202,2017,5.426168292170008e-4
202,2018,5.680435213589969e-4
202,2019,5.771323882093875e-4
202,2020,2.2974275484000968e-4
202,2021,5.434079230087272e-4
203,2008,2.835507150355197e-5
203,2009,2.7354624546124292e-5
203,2010,3.0154533574367516e-5
203,2011,3.249171657164566e-5
203,2012,3.342876724397765e-5
203,2013,3.495420679184209e-5
203,2014,6.493932709616201e-5
203,2015,6.503914480288652e-5
203,2016,7.049509766740844e-5
203,2017,7.43387746851181e-5
203,2018,8.242907287823217e-5
203,2019,8.388748618274066e-5
203,2020,2.939272463961381e-5
203,2021,3.225610256781317e-5
204,2008,9.345207710120106e-5
204,2009,5.2961605500024784e-5
204,2010,2.7258815894812245e-5
204,2011,3.0415716749968753e-5
204,2012,3.061382702894343e-5
204,2013,1.9648426947038825e-5
204,2014,2.5002769037976616e-5
204,2015,2.323170814610357e-5
204,2016,3.314642615625771e-5
204,2017,4.26271389914831e-5
204,2018,4.7468476998748355e-5
204,2019,5.6788724206193535e-5
204,2020,2.9201128252258196e-5
204,2021,5.550108146175899e-5
205,2008,9.335971033267525e-5
205,2009,9.687731034651547e-5
205,2010,9.97956053548143e-5
205,2011,1.0198646530569534e-4
205,2012,1.3124080841808827e-4
205,2013,2.5115953830233444e-4
205,2014,3.754387320536284e-4
205,2015,5.658492423923755e-4
205,2016,3.4863874579914094e-4
205,2017,4.0979448460408527e-4
205,2018,4.196180595355493e-4
205,2019,5.120512606650114e-4
205,2020,1.0519420536685342e-4
205,2021,1.515438917419993e-5
206,2008,0.006099485134854265
206,2009,0.006412221611030741
206,2010,0.006548526096158875
206,2011,0.0064797919604910915
206,2012,0.006458080655871368
206,2013,0.006529545168786124
206,2014,0.006859435116381275
206,2015,0.006334724396846702
206,2016,0.0064942291002509835
206,2017,0.00620936522477469
206,2018,0.006100811544354575
206,2019,0.006088283889044193
206,2020,9.986550743804464e-4
206,2021,3.076784850121436e-5
207,2008,4.4797997784099555e-4
207,2009,3.996392127756385e-4
207,2010,5.370769242569109e-4
207,2011,6.342481924924884e-4
207,2012,6.274852824196293e-4
207,2013,7.490190847246266e-4
207,2014,7.70609923487518e-4
207,2015,7.694434465447467e-4
207,2016,7.617170722522953e-4
207,2017,7.543737922745892e-4
207,2018,7.473694121730457e-4
207,2019,7.406400008421511e-4
207,2020,7.3395791178016e-4
207,2021,7.277880526228603e-4
208,2008,0.6996691189790539
208,2009,0.653570586614247
208,2010,0.7855513402158353
208,2011,0.8725546192663671
208,2012,0.9094249316283681
208,2013,0.9594007075582542
208,2014,0.9442383905729549
208,2015,0.9478885326117753
208,2016,1
208,2017,1
208,2018,1
208,2019,1
208,2020,0.15971220979696304
208,2021,1
209,2008,1.7986171496458134e-4
209,2009,1.728373923762789e-4
209,2010,1.9283379281662388e-4
209,2011,2.0303867679351067e-4
209,2012,2.0654860708020772e-4
209,2013,2.0635112382975536e-4
209,2014,2.1007742753588354e-4
209,2015,2.0868906861176272e-4
209,2016,2.1522530640963715e-4
209,2017,2.2309433226340764e-4
209,2018,2.3206630802903347e-4
209,2019,2.2591775323478388e-4
209,2020,2.5325953414010368e-5
209,2021,7.886726567667508e-6
210,2008,NA
210,2009,NA
210,2010,NA
210,2011,NA
210,2012,NA
210,2013,NA
210,2014,NA
210,2015,NA
210,2016,NA
210,2017,NA
210,2018,NA
210,2019,NA
210,2020,NA
210,2021,NA
212,2008,0.0015204221777945868
212,2009,0.0014913035599135062
212,2010,0.0017639453798121766
212,2011,0.001955166360185891
212,2012,0.001779314703559211
212,2013,0.0021104295701842896
212,2014,0.0017624619056955258
212,2015,0.001354436427434447
212,2016,0.0019493947308573407
212,2017,0.0019531226747862617
212,2018,0.0023537553983812337
212,2019,0.0025772294002600754
212,2020,4.486993905204843e-4
212,2021,0.0024845784092812516
213,2008,NA
213,2009,NA
213,2010,NA
213,2011,NA
213,2012,NA
213,2013,NA
213,2014,NA
213,2015,NA
213,2016,NA
213,2017,NA
213,2018,NA
213,2019,NA
213,2020,NA
213,2021,NA
214,2008,0.0020595571804094466
214,2009,0.00195691571590146
214,2010,0.0022616001898490908
214,2011,0.0014952278075588356
214,2012,0.0017233038886631578
214,2013,0.0013797510209783178
214,2014,0.001414531548548831
214,2015,0.0013133617991058103
214,2016,7.400236279830229e-4
214,2017,0.0011254184020838354
214,2018,0.0015156519692513225
214,2019,0.001712088909789456
214,2020,0.0016826718448590147
214,2021,0.0016549968030639224
215,2008,1
215,2009,1
215,2010,1
215,2011,1
215,2012,1
215,2013,1
215,2014,1
215,2015,1
215,2016,1
215,2017,1
215,2018,1
215,2019,1
215,2020,0.2848568725951153
215,2021,0.5265647805895233
216,2008,2.949277494153908e-5
216,2009,2.9120138957616107e-5
216,2010,2.8757966436375652e-5
216,2011,2.839909962765691e-5
216,2012,2.8044654035345736e-5
216,2013,2.7706577745251073e-5
216,2014,2.738717347149551e-5
216,2015,2.7084625251283684e-5
216,2016,2.978241087672391e-5
216,2017,3.447986471330295e-5
216,2018,3.53298521547854e-5
216,2019,4.037972508178454e-5
216,2020,1.014426814988626e-5
216,2021,3.978517012500204e-6
218,2008,2.1704995049923775e-4
218,2009,1.9699788011348445e-4
218,2010,2.0078668863663112e-4
218,2011,1.9631805257150996e-4
218,2012,1.981997591054174e-4
218,2013,1.926968206757619e-4
218,2014,1.9644756585288818e-4
218,2015,2.1189507297662602e-4
218,2016,2.3282558256200743e-4
218,2017,2.4055496376840365e-4
218,2018,2.4003187607087698e-4
218,2019,2.4792814904856756e-4
218,2020,3.278524462901693e-5
218,2021,2.4387280665494047e-4
219,2008,NA
219,2009,NA
219,2010,NA
219,2011,NA
219,2012,NA
219,2013,NA
219,2014,NA
219,2015,NA
219,2016,NA
219,2017,NA
219,2018,NA
219,2019,NA
219,2020,NA
219,2021,NA
220,2008,1
220,2009,1
220,2010,1
220,2011,1
220,2012,1
220,2013,1
220,2014,1
220,2015,1
220,2016,1
220,2017,1
220,2018,1
220,2019,1
220,2020,1
220,2021,1
221,2008,NA
221,2009,NA
221,2010,NA
221,2011,NA
221,2012,NA
221,2013,NA
221,2014,NA
221,2015,NA
221,2016,NA
221,2017,NA
221,2018,NA
221,2019,NA
221,2020,NA
221,2021,NA
222,2008,0.0038181827673425157
222,2009,0.004071702114133003
222,2010,0.004271174347033978
222,2011,0.009460351018474158
222,2012,0.010044161231722373
222,2013,0.008838857166138914
222,2014,0.008386541833914457
222,2015,0.005112121645910762
222,2016,0.005281937135059414
222,2017,0.005420246258615854
222,2018,0.005650820834337685
222,2019,0.005726153655569819
222,2020,0.00146079147182616
222,2021,0.005650878877337453
223,2008,0.0021704168132758665
223,2009,0.0021427239338083254
223,2010,0.0023211958802226576
223,2011,0.002385488308660541
223,2012,0.002152748558156701
223,2013,0.002239359016297796
223,2014,0.002249930569060642
223,2015,0.0024598243212729204
223,2016,0.002710681803770221
223,2017,0.0028206134338244477
223,2018,0.0025492794803497233
223,2019,0.0026171557479486855
223,2020,6.182520624234127e-4
223,2021,0.002587915795631875
224,2008,3.1534763170009013e-4
224,2009,3.1788454657601936e-4
224,2010,3.193679015898394e-4
224,2011,3.541500015389238e-4
224,2012,3.973354975963823e-4
224,2013,3.959557134989151e-4
224,2014,4.0273160611652793e-4
224,2015,4.858362466811439e-4
224,2016,6.047806633970948e-4
224,2017,6.807969341532267e-4
224,2018,5.933102554650714e-4
224,2019,4.6007053444580855e-4
224,2020,1.1241852644867683e-4
224,2021,4.493625074037651e-4
227,2008,NA
227,2009,NA
227,2010,NA
227,2011,NA
227,2012,NA
227,2013,NA
227,2014,NA
227,2015,NA
227,2016,NA
227,2017,NA
227,2018,NA
227,2019,NA
227,2020,NA
227,2021,NA
228,2008,NA
228,2009,NA
228,2010,NA
228,2011,NA
228,2012,NA
228,2013,NA
228,2014,NA
228,2015,NA
228,2016,NA
228,2017,NA
228,2018,NA
228,2019,NA
228,2020,NA
228,2021,NA
231,2008,0.00251962546912592
231,2009,0.0030146185047721106
231,2010,0.0026827894237541243
231,2011,0.003345290355855068
231,2012,0.003721849767966825
231,2013,0.004965200088838886
231,2014,0.0036969591359576033
231,2015,0.0037294963996945003
231,2016,0.0039108621001429636
231,2017,0.004339509586909505
231,2018,0.004316008169809893
231,2019,0.004606830656371454
231,2020,0.0010052192363010882
231,2021,0.004465571563310843
232,2008,1
232,2009,1
232,2010,1
232,2011,1
232,2012,1
232,2013,1
232,2014,1
232,2015,1
232,2016,1
232,2017,1
232,2018,1
232,2019,1
232,2020,0.7446329516456893
232,2021,1
237,2008,NA
237,2009,NA
237,2010,NA
237,2011,NA
237,2012,NA
237,2013,NA
237,2014,NA
237,2015,NA
237,2016,NA
237,2017,NA
237,2018,NA
237,2019,NA
237,2020,NA
237,2021,NA
244,2008,0.8174779207168685
244,2009,0.7287706442049467
244,2010,0.6705865740022684
244,2011,0.75391515744307
244,2012,0.80711538401311
244,2013,0.8359275023932491
244,2014,0.8453094557419781
244,2015,0.863758276584092
244,2016,0.8053414687915521
244,2017,0.7263177224879197
244,2018,0.7905299253522592
244,2019,0.8593075335197639
244,2020,0.32930881402543677
244,2021,0.8879118284223506
245,2008,1
245,2009,1
245,2010,1
245,2011,1
245,2012,1
245,2013,1
245,2014,1
245,2015,1
245,2016,1
245,2017,1
245,2018,1
245,2019,1
245,2020,1
245,2021,1
247,2008,0.16225538810399098
247,2009,0.11105872760125696
247,2010,0.14918470440443174
247,2011,0.16641296494753552
247,2012,0.1419078530503731
247,2013,0.15089101274498304
247,2014,0.13319326017472594
247,2015,0.1428195511700463
247,2016,0.14193989011509883
247,2017,0.16619443352479665
247,2018,0.1767440486441436
247,2019,0.20988739809135026
247,2020,0.03894035436049438
247,2021,0.0021697414781365284
248,2008,1
248,2009,1
248,2010,1
248,2011,1
248,2012,1
248,2013,1
248,2014,1
248,2015,1
248,2016,1
248,2017,1
248,2018,1
248,2019,1
248,2020,1
248,2021,1
249,2008,1
249,2009,1
249,2010,1
249,2011,1
249,2012,1
249,2013,1
249,2014,1
249,2015,1
249,2016,1
249,2017,1
249,2018,1
249,2019,1
249,2020,1
249,2021,1
250,2008,1
250,2009,1
250,2010,1
250,2011,1
250,2012,1
250,2013,1
250,2014,1
250,2015,1
250,2016,1
250,2017,1
250,2018,1
250,2019,1
250,2020,1
250,2021,1
