"rgn_id","year","habitat","health"
1,2012,"soft_bottom",1
2,2012,"soft_bottom",1
3,2012,"soft_bottom",1
4,2012,"soft_bottom",1
5,2012,"soft_bottom",1
6,2012,"soft_bottom",1
7,2012,"soft_bottom",1
8,2012,"soft_bottom",1
9,2012,"soft_bottom",1
10,2012,"soft_bottom",1
11,2012,"soft_bottom",1
12,2012,"soft_bottom",1
13,2012,"soft_bottom",1
14,2012,"soft_bottom",0.999492514914604
15,2012,"soft_bottom",1
16,2012,"soft_bottom",0.999998042314556
17,2012,"soft_bottom",1
18,2012,"soft_bottom",1
19,2012,"soft_bottom",1
20,2012,"soft_bottom",0.999989353276688
21,2012,"soft_bottom",0.999999288391761
24,2012,"soft_bottom",1
25,2012,"soft_bottom",1
26,2012,"soft_bottom",1
28,2012,"soft_bottom",1
29,2012,"soft_bottom",1
30,2012,"soft_bottom",1
31,2012,"soft_bottom",1
32,2012,"soft_bottom",1
33,2012,"soft_bottom",1
34,2012,"soft_bottom",1
35,2012,"soft_bottom",1
36,2012,"soft_bottom",1
37,2012,"soft_bottom",1
38,2012,"soft_bottom",1
39,2012,"soft_bottom",1
40,2012,"soft_bottom",1
41,2012,"soft_bottom",1
42,2012,"soft_bottom",1
43,2012,"soft_bottom",1
44,2012,"soft_bottom",0.998645416436707
45,2012,"soft_bottom",1
46,2012,"soft_bottom",1
47,2012,"soft_bottom",0.999902795093487
48,2012,"soft_bottom",0.999998220894135
49,2012,"soft_bottom",1
50,2012,"soft_bottom",1
51,2012,"soft_bottom",1
52,2012,"soft_bottom",1
53,2012,"soft_bottom",1
54,2012,"soft_bottom",0.999988796776208
55,2012,"soft_bottom",1
56,2012,"soft_bottom",0.999997419170253
57,2012,"soft_bottom",0.999999959293007
58,2012,"soft_bottom",0.999853245543926
59,2012,"soft_bottom",0.993141979911707
60,2012,"soft_bottom",1
61,2012,"soft_bottom",0.99761925293583
62,2012,"soft_bottom",0.999999585758966
63,2012,"soft_bottom",0.998595444313041
64,2012,"soft_bottom",0.998466651591996
65,2012,"soft_bottom",0.992220074741573
66,2012,"soft_bottom",0.999702520643407
67,2012,"soft_bottom",0.999962643123446
68,2012,"soft_bottom",0.999678649629037
69,2012,"soft_bottom",0.999989287168038
70,2012,"soft_bottom",0.99999456043371
71,2012,"soft_bottom",0.999712469157757
72,2012,"soft_bottom",1
73,2012,"soft_bottom",0.999723890214958
74,2012,"soft_bottom",1
75,2012,"soft_bottom",0.999992641923382
76,2012,"soft_bottom",0.998900771253141
77,2012,"soft_bottom",1
78,2012,"soft_bottom",1
79,2012,"soft_bottom",1
80,2012,"soft_bottom",0.99657482576363
81,2012,"soft_bottom",0.996320168828854
82,2012,"soft_bottom",0.999994776797262
84,2012,"soft_bottom",1
85,2012,"soft_bottom",1
86,2012,"soft_bottom",1
88,2012,"soft_bottom",1
89,2012,"soft_bottom",0.999759108790289
90,2012,"soft_bottom",1
91,2012,"soft_bottom",1
92,2012,"soft_bottom",0.94231082862901
93,2012,"soft_bottom",1
94,2012,"soft_bottom",0.998689558455811
95,2012,"soft_bottom",0.992968989226727
96,2012,"soft_bottom",0.999993749034571
97,2012,"soft_bottom",1
98,2012,"soft_bottom",1
99,2012,"soft_bottom",1
100,2012,"soft_bottom",1
101,2012,"soft_bottom",0.99992358230297
102,2012,"soft_bottom",0.999979459538638
103,2012,"soft_bottom",1
104,2012,"soft_bottom",1
105,2012,"soft_bottom",1
106,2012,"soft_bottom",0.998399303438249
107,2012,"soft_bottom",1
108,2012,"soft_bottom",1
110,2012,"soft_bottom",0.999987194993703
111,2012,"soft_bottom",0.999973165457887
112,2012,"soft_bottom",1
113,2012,"soft_bottom",1
114,2012,"soft_bottom",1
115,2012,"soft_bottom",1
116,2012,"soft_bottom",1
117,2012,"soft_bottom",1
118,2012,"soft_bottom",1
119,2012,"soft_bottom",1
120,2012,"soft_bottom",1
121,2012,"soft_bottom",1
122,2012,"soft_bottom",1
123,2012,"soft_bottom",1
124,2012,"soft_bottom",1
125,2012,"soft_bottom",1
126,2012,"soft_bottom",1
127,2012,"soft_bottom",1
129,2012,"soft_bottom",0.999999763511987
130,2012,"soft_bottom",1
131,2012,"soft_bottom",1
132,2012,"soft_bottom",1
133,2012,"soft_bottom",1
134,2012,"soft_bottom",1
135,2012,"soft_bottom",1
136,2012,"soft_bottom",1
137,2012,"soft_bottom",1
138,2012,"soft_bottom",0.999999629713718
139,2012,"soft_bottom",1
140,2012,"soft_bottom",1
141,2012,"soft_bottom",0.99609462546915
143,2012,"soft_bottom",0.987367497201987
144,2012,"soft_bottom",0.978456328884947
145,2012,"soft_bottom",0.998424686569492
146,2012,"soft_bottom",1
147,2012,"soft_bottom",0.999999905658805
148,2012,"soft_bottom",1
149,2012,"soft_bottom",1
150,2012,"soft_bottom",1
151,2012,"soft_bottom",1
152,2012,"soft_bottom",1
153,2012,"soft_bottom",1
154,2012,"soft_bottom",1
155,2012,"soft_bottom",1
156,2012,"soft_bottom",1
157,2012,"soft_bottom",1
158,2012,"soft_bottom",1
159,2012,"soft_bottom",1
161,2012,"soft_bottom",1
162,2012,"soft_bottom",0.998493477046685
163,2012,"soft_bottom",0.999674462533421
164,2012,"soft_bottom",1
166,2012,"soft_bottom",1
167,2012,"soft_bottom",1
168,2012,"soft_bottom",0.999991823411624
169,2012,"soft_bottom",0.995400065048608
171,2012,"soft_bottom",0.999999848385751
172,2012,"soft_bottom",0.998053522429734
173,2012,"soft_bottom",0.992029943705191
174,2012,"soft_bottom",0.999997873841689
175,2012,"soft_bottom",0.995633945252614
176,2012,"soft_bottom",0.997218907628036
177,2012,"soft_bottom",0.990230288903027
178,2012,"soft_bottom",0.998256118884549
179,2012,"soft_bottom",0.990963437639895
180,2012,"soft_bottom",0.997811013759278
181,2012,"soft_bottom",0.997437347268367
182,2012,"soft_bottom",0.996184748936708
183,2012,"soft_bottom",0.993769682911052
184,2012,"soft_bottom",0.997829904612768
185,2012,"soft_bottom",1
186,2012,"soft_bottom",1
187,2012,"soft_bottom",0.99968910757373
188,2012,"soft_bottom",1
189,2012,"soft_bottom",0.999840910727331
190,2012,"soft_bottom",1
191,2012,"soft_bottom",0.999955054525368
192,2012,"soft_bottom",1
193,2012,"soft_bottom",0.997878286015294
194,2012,"soft_bottom",0.998735623772103
195,2012,"soft_bottom",0.999828099290843
196,2012,"soft_bottom",1
197,2012,"soft_bottom",1
198,2012,"soft_bottom",0.999898176174707
199,2012,"soft_bottom",0.999993718076529
200,2012,"soft_bottom",0.999892080295622
202,2012,"soft_bottom",1
203,2012,"soft_bottom",1
204,2012,"soft_bottom",1
205,2012,"soft_bottom",1
206,2012,"soft_bottom",1
207,2012,"soft_bottom",0.999999785357631
208,2012,"soft_bottom",1
209,2012,"soft_bottom",0.994477811180395
210,2012,"soft_bottom",0.999943695458342
212,2012,"soft_bottom",1
214,2012,"soft_bottom",0.999995728630486
215,2012,"soft_bottom",1
216,2012,"soft_bottom",0.999997238387994
218,2012,"soft_bottom",0.999887542902699
219,2012,"soft_bottom",0.999977963184002
220,2012,"soft_bottom",1
221,2012,"soft_bottom",1
222,2012,"soft_bottom",0.998226021471049
223,2012,"soft_bottom",0.996189234961228
224,2012,"soft_bottom",0.999751061869736
227,2012,"soft_bottom",0.999357119734015
228,2012,"soft_bottom",0.970960411748095
231,2012,"soft_bottom",1
232,2012,"soft_bottom",1
237,2012,"soft_bottom",1
244,2012,"soft_bottom",1
245,2012,"soft_bottom",1
247,2012,"soft_bottom",1
248,2012,"soft_bottom",1
249,2012,"soft_bottom",1
250,2012,"soft_bottom",1
1,2013,"soft_bottom",1
2,2013,"soft_bottom",1
3,2013,"soft_bottom",1
4,2013,"soft_bottom",1
5,2013,"soft_bottom",1
6,2013,"soft_bottom",1
7,2013,"soft_bottom",1
8,2013,"soft_bottom",1
9,2013,"soft_bottom",1
10,2013,"soft_bottom",1
11,2013,"soft_bottom",1
12,2013,"soft_bottom",1
13,2013,"soft_bottom",1
14,2013,"soft_bottom",0.995902613567816
15,2013,"soft_bottom",1
16,2013,"soft_bottom",0.999948166362598
17,2013,"soft_bottom",1
18,2013,"soft_bottom",1
19,2013,"soft_bottom",1
20,2013,"soft_bottom",0.999659908661293
21,2013,"soft_bottom",0.999529317064404
24,2013,"soft_bottom",1
25,2013,"soft_bottom",1
26,2013,"soft_bottom",1
28,2013,"soft_bottom",1
29,2013,"soft_bottom",1
30,2013,"soft_bottom",1
31,2013,"soft_bottom",1
32,2013,"soft_bottom",1
33,2013,"soft_bottom",1
34,2013,"soft_bottom",1
35,2013,"soft_bottom",1
36,2013,"soft_bottom",1
37,2013,"soft_bottom",0.999997835713485
38,2013,"soft_bottom",1
39,2013,"soft_bottom",1
40,2013,"soft_bottom",1
41,2013,"soft_bottom",0.999984906210487
42,2013,"soft_bottom",1
43,2013,"soft_bottom",1
44,2013,"soft_bottom",0.998453453984016
45,2013,"soft_bottom",1
46,2013,"soft_bottom",1
47,2013,"soft_bottom",0.999999724707228
48,2013,"soft_bottom",0.999989491117904
49,2013,"soft_bottom",1
50,2013,"soft_bottom",1
51,2013,"soft_bottom",1
52,2013,"soft_bottom",0.999996859232894
53,2013,"soft_bottom",1
54,2013,"soft_bottom",0.999969540341442
55,2013,"soft_bottom",0.999987859033482
56,2013,"soft_bottom",1
57,2013,"soft_bottom",0.999971960573252
58,2013,"soft_bottom",0.999710942306026
59,2013,"soft_bottom",0.934241025230138
60,2013,"soft_bottom",0.989606267784728
61,2013,"soft_bottom",0.993467875244648
62,2013,"soft_bottom",0.999279150000476
63,2013,"soft_bottom",0.999802283917451
64,2013,"soft_bottom",0.997952072204454
65,2013,"soft_bottom",0.998649561932687
66,2013,"soft_bottom",0.999919542790786
67,2013,"soft_bottom",0.999248689521986
68,2013,"soft_bottom",0.989226296411398
69,2013,"soft_bottom",0.999835393165452
70,2013,"soft_bottom",0.999945065106293
71,2013,"soft_bottom",0.999114255699864
72,2013,"soft_bottom",0.999890774338526
73,2013,"soft_bottom",0.999584018055029
74,2013,"soft_bottom",0.999991077555051
75,2013,"soft_bottom",0.999820495176185
76,2013,"soft_bottom",0.993220089475185
77,2013,"soft_bottom",0.999992431508733
78,2013,"soft_bottom",0.999990613383947
79,2013,"soft_bottom",0.976686456946445
80,2013,"soft_bottom",0.990383719320818
81,2013,"soft_bottom",0.993727500843021
82,2013,"soft_bottom",0.999483306194129
84,2013,"soft_bottom",0.999993522586305
85,2013,"soft_bottom",1
86,2013,"soft_bottom",1
88,2013,"soft_bottom",1
89,2013,"soft_bottom",0.9995764229655
90,2013,"soft_bottom",1
91,2013,"soft_bottom",1
92,2013,"soft_bottom",0.991456453414906
93,2013,"soft_bottom",0.999928803410137
94,2013,"soft_bottom",0.99921063271966
95,2013,"soft_bottom",0.994037731669832
96,2013,"soft_bottom",0.999700901378372
97,2013,"soft_bottom",0.999964878882441
98,2013,"soft_bottom",0.999979601964646
99,2013,"soft_bottom",1
100,2013,"soft_bottom",0.998745556466164
101,2013,"soft_bottom",0.999841858372378
102,2013,"soft_bottom",0.999832561136583
103,2013,"soft_bottom",1
104,2013,"soft_bottom",0.997897163837739
105,2013,"soft_bottom",1
106,2013,"soft_bottom",0.998608012664572
107,2013,"soft_bottom",1
108,2013,"soft_bottom",1
110,2013,"soft_bottom",0.999993108040152
111,2013,"soft_bottom",1
112,2013,"soft_bottom",1
113,2013,"soft_bottom",1
114,2013,"soft_bottom",1
115,2013,"soft_bottom",1
116,2013,"soft_bottom",1
117,2013,"soft_bottom",1
118,2013,"soft_bottom",1
119,2013,"soft_bottom",1
120,2013,"soft_bottom",1
121,2013,"soft_bottom",1
122,2013,"soft_bottom",1
123,2013,"soft_bottom",1
124,2013,"soft_bottom",1
125,2013,"soft_bottom",1
126,2013,"soft_bottom",1
127,2013,"soft_bottom",1
129,2013,"soft_bottom",0.999999591899233
130,2013,"soft_bottom",1
131,2013,"soft_bottom",1
132,2013,"soft_bottom",1
133,2013,"soft_bottom",1
134,2013,"soft_bottom",1
135,2013,"soft_bottom",1
136,2013,"soft_bottom",1
137,2013,"soft_bottom",1
138,2013,"soft_bottom",0.999982905567537
139,2013,"soft_bottom",1
140,2013,"soft_bottom",1
141,2013,"soft_bottom",0.992355201766956
143,2013,"soft_bottom",0.986428657997505
144,2013,"soft_bottom",0.98385993404908
145,2013,"soft_bottom",0.998690474108008
146,2013,"soft_bottom",1
147,2013,"soft_bottom",1
148,2013,"soft_bottom",1
149,2013,"soft_bottom",1
150,2013,"soft_bottom",1
151,2013,"soft_bottom",1
152,2013,"soft_bottom",1
153,2013,"soft_bottom",1
154,2013,"soft_bottom",1
155,2013,"soft_bottom",1
156,2013,"soft_bottom",1
157,2013,"soft_bottom",1
158,2013,"soft_bottom",1
159,2013,"soft_bottom",1
161,2013,"soft_bottom",1
162,2013,"soft_bottom",0.99806610904266
163,2013,"soft_bottom",0.999604088016952
164,2013,"soft_bottom",1
166,2013,"soft_bottom",1
167,2013,"soft_bottom",1
168,2013,"soft_bottom",0.999996852318302
169,2013,"soft_bottom",0.995649239128186
171,2013,"soft_bottom",0.999995865327941
172,2013,"soft_bottom",0.99751479733529
173,2013,"soft_bottom",0.991590225896146
174,2013,"soft_bottom",0.999960658111202
175,2013,"soft_bottom",0.987185591209637
176,2013,"soft_bottom",0.988373356735659
177,2013,"soft_bottom",0.974863051874613
178,2013,"soft_bottom",0.997338892266184
179,2013,"soft_bottom",0.964886709001158
180,2013,"soft_bottom",0.988864969544823
181,2013,"soft_bottom",0.988371877237167
182,2013,"soft_bottom",0.965576961009348
183,2013,"soft_bottom",0.975396638863456
184,2013,"soft_bottom",0.974730920624409
185,2013,"soft_bottom",1
186,2013,"soft_bottom",0.998997672351696
187,2013,"soft_bottom",0.994471703556368
188,2013,"soft_bottom",0.999652693480065
189,2013,"soft_bottom",0.998213865099559
190,2013,"soft_bottom",1
191,2013,"soft_bottom",0.999796658814294
192,2013,"soft_bottom",1
193,2013,"soft_bottom",0.999334427655191
194,2013,"soft_bottom",0.997323579817412
195,2013,"soft_bottom",0.999939131722656
196,2013,"soft_bottom",1
197,2013,"soft_bottom",1
198,2013,"soft_bottom",0.998699177659842
199,2013,"soft_bottom",0.99976466960092
200,2013,"soft_bottom",0.999119386131586
202,2013,"soft_bottom",1
203,2013,"soft_bottom",1
204,2013,"soft_bottom",1
205,2013,"soft_bottom",1
206,2013,"soft_bottom",1
207,2013,"soft_bottom",0.999999670439594
208,2013,"soft_bottom",0.996316625375039
209,2013,"soft_bottom",0.971757628338794
210,2013,"soft_bottom",0.999841420672469
212,2013,"soft_bottom",1
214,2013,"soft_bottom",0.999998912412984
215,2013,"soft_bottom",1
216,2013,"soft_bottom",0.999953918278645
218,2013,"soft_bottom",0.999830810744126
219,2013,"soft_bottom",0.999996106479332
220,2013,"soft_bottom",1
221,2013,"soft_bottom",1
222,2013,"soft_bottom",0.997167694219101
223,2013,"soft_bottom",0.995140318890759
224,2013,"soft_bottom",0.999812010325074
227,2013,"soft_bottom",0.990999038473585
228,2013,"soft_bottom",0.69341181178455
231,2013,"soft_bottom",1
232,2013,"soft_bottom",1
237,2013,"soft_bottom",1
244,2013,"soft_bottom",1
245,2013,"soft_bottom",1
247,2013,"soft_bottom",1
248,2013,"soft_bottom",1
249,2013,"soft_bottom",1
250,2013,"soft_bottom",1
1,2014,"soft_bottom",1
2,2014,"soft_bottom",1
3,2014,"soft_bottom",1
4,2014,"soft_bottom",1
5,2014,"soft_bottom",1
6,2014,"soft_bottom",1
7,2014,"soft_bottom",1
8,2014,"soft_bottom",1
9,2014,"soft_bottom",1
10,2014,"soft_bottom",1
11,2014,"soft_bottom",1
12,2014,"soft_bottom",1
13,2014,"soft_bottom",1
14,2014,"soft_bottom",0.995333802102318
15,2014,"soft_bottom",1
16,2014,"soft_bottom",0.999914331518775
17,2014,"soft_bottom",0.999994143757493
18,2014,"soft_bottom",1
19,2014,"soft_bottom",1
20,2014,"soft_bottom",0.99933411033295
21,2014,"soft_bottom",0.999277652498043
24,2014,"soft_bottom",1
25,2014,"soft_bottom",0.99999927171884
26,2014,"soft_bottom",1
28,2014,"soft_bottom",1
29,2014,"soft_bottom",1
30,2014,"soft_bottom",1
31,2014,"soft_bottom",1
32,2014,"soft_bottom",1
33,2014,"soft_bottom",1
34,2014,"soft_bottom",1
35,2014,"soft_bottom",1
36,2014,"soft_bottom",1
37,2014,"soft_bottom",0.999989097275084
38,2014,"soft_bottom",1
39,2014,"soft_bottom",1
40,2014,"soft_bottom",0.999998846227462
41,2014,"soft_bottom",0.999924747987261
42,2014,"soft_bottom",0.999246502660343
43,2014,"soft_bottom",1
44,2014,"soft_bottom",0.998331501204239
45,2014,"soft_bottom",1
46,2014,"soft_bottom",1
47,2014,"soft_bottom",0.999997971296357
48,2014,"soft_bottom",0.999933307748753
49,2014,"soft_bottom",1
50,2014,"soft_bottom",0.99999096040087
51,2014,"soft_bottom",1
52,2014,"soft_bottom",1
53,2014,"soft_bottom",1
54,2014,"soft_bottom",0.999932849089912
55,2014,"soft_bottom",0.999967903034401
56,2014,"soft_bottom",0.999993320048959
57,2014,"soft_bottom",0.999966675910891
58,2014,"soft_bottom",0.999725632287039
59,2014,"soft_bottom",0.903971811015912
60,2014,"soft_bottom",0.989218042249112
61,2014,"soft_bottom",0.990687578954478
62,2014,"soft_bottom",0.99762200313991
63,2014,"soft_bottom",0.997092560903038
64,2014,"soft_bottom",0.995121378762312
65,2014,"soft_bottom",0.983562699483393
66,2014,"soft_bottom",0.999209000092071
67,2014,"soft_bottom",0.999203609015297
68,2014,"soft_bottom",0.988330285024614
69,2014,"soft_bottom",0.99979996151771
70,2014,"soft_bottom",0.9999760090591
71,2014,"soft_bottom",0.996680454119016
72,2014,"soft_bottom",0.999858592005142
73,2014,"soft_bottom",0.999625777484062
74,2014,"soft_bottom",0.999143784747419
75,2014,"soft_bottom",0.999870896786155
76,2014,"soft_bottom",0.991615787406508
77,2014,"soft_bottom",0.998711665321153
78,2014,"soft_bottom",0.999959480657136
79,2014,"soft_bottom",0.954042386380312
80,2014,"soft_bottom",0.982262562436143
81,2014,"soft_bottom",0.998246129820632
82,2014,"soft_bottom",0.999046583045752
84,2014,"soft_bottom",1
85,2014,"soft_bottom",1
86,2014,"soft_bottom",1
88,2014,"soft_bottom",1
89,2014,"soft_bottom",0.999618904280492
90,2014,"soft_bottom",1
91,2014,"soft_bottom",1
92,2014,"soft_bottom",0.989705628504631
93,2014,"soft_bottom",0.999999722717642
94,2014,"soft_bottom",0.998616625243609
95,2014,"soft_bottom",0.992911700623372
96,2014,"soft_bottom",0.999425740561041
97,2014,"soft_bottom",1
98,2014,"soft_bottom",1
99,2014,"soft_bottom",1
100,2014,"soft_bottom",1
101,2014,"soft_bottom",0.999753022956718
102,2014,"soft_bottom",0.999676782174012
103,2014,"soft_bottom",1
104,2014,"soft_bottom",0.999309163288359
105,2014,"soft_bottom",1
106,2014,"soft_bottom",0.995327649858798
107,2014,"soft_bottom",1
108,2014,"soft_bottom",1
110,2014,"soft_bottom",0.99999496257735
111,2014,"soft_bottom",0.999994342757651
112,2014,"soft_bottom",1
113,2014,"soft_bottom",1
114,2014,"soft_bottom",1
115,2014,"soft_bottom",1
116,2014,"soft_bottom",1
117,2014,"soft_bottom",1
118,2014,"soft_bottom",1
119,2014,"soft_bottom",1
120,2014,"soft_bottom",1
121,2014,"soft_bottom",1
122,2014,"soft_bottom",1
123,2014,"soft_bottom",1
124,2014,"soft_bottom",1
125,2014,"soft_bottom",1
126,2014,"soft_bottom",1
127,2014,"soft_bottom",1
129,2014,"soft_bottom",0.999991979829646
130,2014,"soft_bottom",1
131,2014,"soft_bottom",1
132,2014,"soft_bottom",1
133,2014,"soft_bottom",1
134,2014,"soft_bottom",1
135,2014,"soft_bottom",0.999997855966569
136,2014,"soft_bottom",1
137,2014,"soft_bottom",1
138,2014,"soft_bottom",0.999997132926609
139,2014,"soft_bottom",1
140,2014,"soft_bottom",1
141,2014,"soft_bottom",0.985510667536155
143,2014,"soft_bottom",0.990740768871463
144,2014,"soft_bottom",0.989967715633903
145,2014,"soft_bottom",0.99822056728943
146,2014,"soft_bottom",1
147,2014,"soft_bottom",1
148,2014,"soft_bottom",1
149,2014,"soft_bottom",1
150,2014,"soft_bottom",1
151,2014,"soft_bottom",1
152,2014,"soft_bottom",1
153,2014,"soft_bottom",1
154,2014,"soft_bottom",1
155,2014,"soft_bottom",1
156,2014,"soft_bottom",1
157,2014,"soft_bottom",1
158,2014,"soft_bottom",1
159,2014,"soft_bottom",1
161,2014,"soft_bottom",1
162,2014,"soft_bottom",0.997951641732165
163,2014,"soft_bottom",0.99954419598509
164,2014,"soft_bottom",1
166,2014,"soft_bottom",1
167,2014,"soft_bottom",1
168,2014,"soft_bottom",0.999999808424713
169,2014,"soft_bottom",0.994153662429782
171,2014,"soft_bottom",0.999971051350611
172,2014,"soft_bottom",0.997308584274236
173,2014,"soft_bottom",0.989887396070537
174,2014,"soft_bottom",0.99997064228158
175,2014,"soft_bottom",0.984562537061825
176,2014,"soft_bottom",0.985618825486236
177,2014,"soft_bottom",0.961727710268435
178,2014,"soft_bottom",0.995293846503085
179,2014,"soft_bottom",0.962788893837392
180,2014,"soft_bottom",0.986790568793857
181,2014,"soft_bottom",0.98929672219869
182,2014,"soft_bottom",0.957659421535668
183,2014,"soft_bottom",0.974968208289975
184,2014,"soft_bottom",0.943367635286491
185,2014,"soft_bottom",1
186,2014,"soft_bottom",0.999148860508317
187,2014,"soft_bottom",0.986871991880295
188,2014,"soft_bottom",0.982789822962102
189,2014,"soft_bottom",0.997930232374814
190,2014,"soft_bottom",0.999750125755748
191,2014,"soft_bottom",0.999609107475065
192,2014,"soft_bottom",1
193,2014,"soft_bottom",0.998610582822829
194,2014,"soft_bottom",0.999721353687781
195,2014,"soft_bottom",0.998123267464444
196,2014,"soft_bottom",1
197,2014,"soft_bottom",1
198,2014,"soft_bottom",0.998499338846345
199,2014,"soft_bottom",0.999866038477606
200,2014,"soft_bottom",0.999219948346202
202,2014,"soft_bottom",1
203,2014,"soft_bottom",0.999986739988922
204,2014,"soft_bottom",1
205,2014,"soft_bottom",1
206,2014,"soft_bottom",0.999999988699743
207,2014,"soft_bottom",0.99999715752345
208,2014,"soft_bottom",0.994816033755965
209,2014,"soft_bottom",0.962033585037344
210,2014,"soft_bottom",0.999842414027108
212,2014,"soft_bottom",1
214,2014,"soft_bottom",0.999999848672509
215,2014,"soft_bottom",1
216,2014,"soft_bottom",0.99992432120353
218,2014,"soft_bottom",0.999835498539735
219,2014,"soft_bottom",0.999996804284693
220,2014,"soft_bottom",1
221,2014,"soft_bottom",1
222,2014,"soft_bottom",0.996219308918438
223,2014,"soft_bottom",0.994836138858885
224,2014,"soft_bottom",0.999841998439409
227,2014,"soft_bottom",0.988305063689797
228,2014,"soft_bottom",0.8005566769611
231,2014,"soft_bottom",1
232,2014,"soft_bottom",1
237,2014,"soft_bottom",1
244,2014,"soft_bottom",1
245,2014,"soft_bottom",1
247,2014,"soft_bottom",1
248,2014,"soft_bottom",1
249,2014,"soft_bottom",1
250,2014,"soft_bottom",1
1,2015,"soft_bottom",1
2,2015,"soft_bottom",1
3,2015,"soft_bottom",1
4,2015,"soft_bottom",1
5,2015,"soft_bottom",1
6,2015,"soft_bottom",1
7,2015,"soft_bottom",1
8,2015,"soft_bottom",1
9,2015,"soft_bottom",1
10,2015,"soft_bottom",1
11,2015,"soft_bottom",0.999999613095254
12,2015,"soft_bottom",1
13,2015,"soft_bottom",0.999996660773376
14,2015,"soft_bottom",0.989501986377935
15,2015,"soft_bottom",1
16,2015,"soft_bottom",0.999879613442872
17,2015,"soft_bottom",1
18,2015,"soft_bottom",1
19,2015,"soft_bottom",0.999993396642666
20,2015,"soft_bottom",0.998620547781715
21,2015,"soft_bottom",0.999696335373592
24,2015,"soft_bottom",1
25,2015,"soft_bottom",1
26,2015,"soft_bottom",1
28,2015,"soft_bottom",1
29,2015,"soft_bottom",1
30,2015,"soft_bottom",1
31,2015,"soft_bottom",0.999999930972999
32,2015,"soft_bottom",0.99965247489674
33,2015,"soft_bottom",1
34,2015,"soft_bottom",1
35,2015,"soft_bottom",1
36,2015,"soft_bottom",1
37,2015,"soft_bottom",0.999999986996907
38,2015,"soft_bottom",1
39,2015,"soft_bottom",1
40,2015,"soft_bottom",1
41,2015,"soft_bottom",0.999657795964496
42,2015,"soft_bottom",0.999971205647584
43,2015,"soft_bottom",1
44,2015,"soft_bottom",1
45,2015,"soft_bottom",1
46,2015,"soft_bottom",1
47,2015,"soft_bottom",1
48,2015,"soft_bottom",0.999975846331546
49,2015,"soft_bottom",1
50,2015,"soft_bottom",1
51,2015,"soft_bottom",1
52,2015,"soft_bottom",1
53,2015,"soft_bottom",1
54,2015,"soft_bottom",0.99999010769405
55,2015,"soft_bottom",1
56,2015,"soft_bottom",1
57,2015,"soft_bottom",0.999921623328091
58,2015,"soft_bottom",0.999811976904615
59,2015,"soft_bottom",0.909208345303325
60,2015,"soft_bottom",0.995485099035867
61,2015,"soft_bottom",0.99243928678933
62,2015,"soft_bottom",0.998127933133534
63,2015,"soft_bottom",0.999190065556791
64,2015,"soft_bottom",0.998611219120693
65,2015,"soft_bottom",0.990715774651951
66,2015,"soft_bottom",0.992125100438199
67,2015,"soft_bottom",0.999434794332106
68,2015,"soft_bottom",0.991143700137707
69,2015,"soft_bottom",0.999613251162684
70,2015,"soft_bottom",0.999888181787946
71,2015,"soft_bottom",0.99412730098356
72,2015,"soft_bottom",0.999701106997409
73,2015,"soft_bottom",0.999560827253805
74,2015,"soft_bottom",0.999122205695382
75,2015,"soft_bottom",0.998892693205637
76,2015,"soft_bottom",0.990167100303184
77,2015,"soft_bottom",0.999793562362251
78,2015,"soft_bottom",0.999983776826706
79,2015,"soft_bottom",0.940691296944555
80,2015,"soft_bottom",0.982725724673466
81,2015,"soft_bottom",0.996351535258571
82,2015,"soft_bottom",0.998669230773444
84,2015,"soft_bottom",1
85,2015,"soft_bottom",1
86,2015,"soft_bottom",1
88,2015,"soft_bottom",0.99752772854409
89,2015,"soft_bottom",0.999576974246307
90,2015,"soft_bottom",1
91,2015,"soft_bottom",1
92,2015,"soft_bottom",0.987302785226652
93,2015,"soft_bottom",0.999992805820849
94,2015,"soft_bottom",1
95,2015,"soft_bottom",0.993709987910025
96,2015,"soft_bottom",0.998521369085298
97,2015,"soft_bottom",0.999708790109824
98,2015,"soft_bottom",1
99,2015,"soft_bottom",1
100,2015,"soft_bottom",0.998938139259697
101,2015,"soft_bottom",0.999438671111178
102,2015,"soft_bottom",0.998933740691602
103,2015,"soft_bottom",1
104,2015,"soft_bottom",0.999641210499343
105,2015,"soft_bottom",1
106,2015,"soft_bottom",0.995086998200904
107,2015,"soft_bottom",1
108,2015,"soft_bottom",1
110,2015,"soft_bottom",1
111,2015,"soft_bottom",1
112,2015,"soft_bottom",1
113,2015,"soft_bottom",1
114,2015,"soft_bottom",1
115,2015,"soft_bottom",1
116,2015,"soft_bottom",1
117,2015,"soft_bottom",1
118,2015,"soft_bottom",1
119,2015,"soft_bottom",1
120,2015,"soft_bottom",1
121,2015,"soft_bottom",1
122,2015,"soft_bottom",1
123,2015,"soft_bottom",1
124,2015,"soft_bottom",1
125,2015,"soft_bottom",1
126,2015,"soft_bottom",1
127,2015,"soft_bottom",1
129,2015,"soft_bottom",0.999999106957656
130,2015,"soft_bottom",1
131,2015,"soft_bottom",1
132,2015,"soft_bottom",1
133,2015,"soft_bottom",1
134,2015,"soft_bottom",1
135,2015,"soft_bottom",1
136,2015,"soft_bottom",1
137,2015,"soft_bottom",1
138,2015,"soft_bottom",0.999997627006747
139,2015,"soft_bottom",1
140,2015,"soft_bottom",1
141,2015,"soft_bottom",0.984906472698828
143,2015,"soft_bottom",0.987661931682843
144,2015,"soft_bottom",0.996129252843869
145,2015,"soft_bottom",0.998537716552143
146,2015,"soft_bottom",1
147,2015,"soft_bottom",1
148,2015,"soft_bottom",1
149,2015,"soft_bottom",1
150,2015,"soft_bottom",1
151,2015,"soft_bottom",1
152,2015,"soft_bottom",1
153,2015,"soft_bottom",1
154,2015,"soft_bottom",1
155,2015,"soft_bottom",1
156,2015,"soft_bottom",1
157,2015,"soft_bottom",1
158,2015,"soft_bottom",1
159,2015,"soft_bottom",1
161,2015,"soft_bottom",1
162,2015,"soft_bottom",0.997889179709552
163,2015,"soft_bottom",0.999494058949877
164,2015,"soft_bottom",1
166,2015,"soft_bottom",1
167,2015,"soft_bottom",1
168,2015,"soft_bottom",1
169,2015,"soft_bottom",0.99555217710387
171,2015,"soft_bottom",0.99985506129883
172,2015,"soft_bottom",0.997325210157968
173,2015,"soft_bottom",0.991760857992296
174,2015,"soft_bottom",0.999667804229567
175,2015,"soft_bottom",0.987116140899577
176,2015,"soft_bottom",0.977177521757963
177,2015,"soft_bottom",0.957994096416908
178,2015,"soft_bottom",0.99394096071496
179,2015,"soft_bottom",0.960371163010888
180,2015,"soft_bottom",0.986637074524346
181,2015,"soft_bottom",0.990270737870909
182,2015,"soft_bottom",0.935523234789219
183,2015,"soft_bottom",0.969507599666771
184,2015,"soft_bottom",0.92943887333538
185,2015,"soft_bottom",1
186,2015,"soft_bottom",0.99704639319835
187,2015,"soft_bottom",0.98051958416482
188,2015,"soft_bottom",0.921715521927109
189,2015,"soft_bottom",0.998997961136426
190,2015,"soft_bottom",0.999772104884416
191,2015,"soft_bottom",0.999744814354324
192,2015,"soft_bottom",1
193,2015,"soft_bottom",0.992827120801188
194,2015,"soft_bottom",0.999420915466998
195,2015,"soft_bottom",0.992623344602002
196,2015,"soft_bottom",1
197,2015,"soft_bottom",0.999179260422713
198,2015,"soft_bottom",0.997931622596999
199,2015,"soft_bottom",0.99933446209647
200,2015,"soft_bottom",0.998190573720965
202,2015,"soft_bottom",1
203,2015,"soft_bottom",0.999945532177284
204,2015,"soft_bottom",1
205,2015,"soft_bottom",0.999993127171818
206,2015,"soft_bottom",0.999555714166593
207,2015,"soft_bottom",0.999988841280464
208,2015,"soft_bottom",0.993846570282105
209,2015,"soft_bottom",0.961949235603037
210,2015,"soft_bottom",0.999866685179324
212,2015,"soft_bottom",0.999908786321416
214,2015,"soft_bottom",0.999974192540267
215,2015,"soft_bottom",1
216,2015,"soft_bottom",0.999997015777833
218,2015,"soft_bottom",0.999810467071697
219,2015,"soft_bottom",0.999968555670817
220,2015,"soft_bottom",1
221,2015,"soft_bottom",1
222,2015,"soft_bottom",0.996756975296161
223,2015,"soft_bottom",0.994718050183286
224,2015,"soft_bottom",0.999823228958644
227,2015,"soft_bottom",0.984765895410704
228,2015,"soft_bottom",0.756199245345302
231,2015,"soft_bottom",1
232,2015,"soft_bottom",1
237,2015,"soft_bottom",1
244,2015,"soft_bottom",1
245,2015,"soft_bottom",1
247,2015,"soft_bottom",1
248,2015,"soft_bottom",1
249,2015,"soft_bottom",1
250,2015,"soft_bottom",1
1,2016,"soft_bottom",1
2,2016,"soft_bottom",1
3,2016,"soft_bottom",1
4,2016,"soft_bottom",1
5,2016,"soft_bottom",1
6,2016,"soft_bottom",1
7,2016,"soft_bottom",1
8,2016,"soft_bottom",1
9,2016,"soft_bottom",1
10,2016,"soft_bottom",1
11,2016,"soft_bottom",1
12,2016,"soft_bottom",1
13,2016,"soft_bottom",1
14,2016,"soft_bottom",0.986946923081388
15,2016,"soft_bottom",1
16,2016,"soft_bottom",0.999812629786661
17,2016,"soft_bottom",1
18,2016,"soft_bottom",1
19,2016,"soft_bottom",1
20,2016,"soft_bottom",0.999072780978789
21,2016,"soft_bottom",0.998538800940071
24,2016,"soft_bottom",1
25,2016,"soft_bottom",0.999982772047566
26,2016,"soft_bottom",1
28,2016,"soft_bottom",1
29,2016,"soft_bottom",1
30,2016,"soft_bottom",1
31,2016,"soft_bottom",1
32,2016,"soft_bottom",0.999858597442367
33,2016,"soft_bottom",1
34,2016,"soft_bottom",1
35,2016,"soft_bottom",1
36,2016,"soft_bottom",1
37,2016,"soft_bottom",1
38,2016,"soft_bottom",1
39,2016,"soft_bottom",1
40,2016,"soft_bottom",0.999999559614201
41,2016,"soft_bottom",0.997351743546779
42,2016,"soft_bottom",0.999526534257015
43,2016,"soft_bottom",0.999260329191428
44,2016,"soft_bottom",1
45,2016,"soft_bottom",1
46,2016,"soft_bottom",1
47,2016,"soft_bottom",1
48,2016,"soft_bottom",0.999985716625976
49,2016,"soft_bottom",1
50,2016,"soft_bottom",0.999997465936185
51,2016,"soft_bottom",1
52,2016,"soft_bottom",1
53,2016,"soft_bottom",1
54,2016,"soft_bottom",0.999978216318077
55,2016,"soft_bottom",0.999717711987219
56,2016,"soft_bottom",0.999984434970673
57,2016,"soft_bottom",0.999951450235919
58,2016,"soft_bottom",0.999550449704798
59,2016,"soft_bottom",0.922319629996054
60,2016,"soft_bottom",0.995113561585464
61,2016,"soft_bottom",0.991550548333233
62,2016,"soft_bottom",0.994054455819288
63,2016,"soft_bottom",0.999277705233069
64,2016,"soft_bottom",0.996562056885047
65,2016,"soft_bottom",0.999857344177909
66,2016,"soft_bottom",0.990539487641616
67,2016,"soft_bottom",0.999383968856893
68,2016,"soft_bottom",0.98715472818001
69,2016,"soft_bottom",0.999681370931185
70,2016,"soft_bottom",0.999765524969236
71,2016,"soft_bottom",0.995369752805248
72,2016,"soft_bottom",0.999652749254002
73,2016,"soft_bottom",0.999459965299251
74,2016,"soft_bottom",0.99958916256155
75,2016,"soft_bottom",0.998928165231856
76,2016,"soft_bottom",0.987287107102987
77,2016,"soft_bottom",0.998991554527391
78,2016,"soft_bottom",0.999999892188227
79,2016,"soft_bottom",0.965395652935369
80,2016,"soft_bottom",0.981274177377295
81,2016,"soft_bottom",0.990419733407203
82,2016,"soft_bottom",0.998142423733236
84,2016,"soft_bottom",0.999998739735138
85,2016,"soft_bottom",1
86,2016,"soft_bottom",1
88,2016,"soft_bottom",0.997406777837929
89,2016,"soft_bottom",0.999476261187251
90,2016,"soft_bottom",1
91,2016,"soft_bottom",1
92,2016,"soft_bottom",0.976050247418306
93,2016,"soft_bottom",1
94,2016,"soft_bottom",1
95,2016,"soft_bottom",0.994652911405577
96,2016,"soft_bottom",0.996702203960736
97,2016,"soft_bottom",1
98,2016,"soft_bottom",1
99,2016,"soft_bottom",1
100,2016,"soft_bottom",0.97476157182574
101,2016,"soft_bottom",0.999473915048254
102,2016,"soft_bottom",0.996446264169015
103,2016,"soft_bottom",1
104,2016,"soft_bottom",0.998842227444922
105,2016,"soft_bottom",1
106,2016,"soft_bottom",0.994192801467115
107,2016,"soft_bottom",1
108,2016,"soft_bottom",1
110,2016,"soft_bottom",1
111,2016,"soft_bottom",1
112,2016,"soft_bottom",1
113,2016,"soft_bottom",1
114,2016,"soft_bottom",1
115,2016,"soft_bottom",1
116,2016,"soft_bottom",1
117,2016,"soft_bottom",1
118,2016,"soft_bottom",1
119,2016,"soft_bottom",1
120,2016,"soft_bottom",1
121,2016,"soft_bottom",1
122,2016,"soft_bottom",1
123,2016,"soft_bottom",1
124,2016,"soft_bottom",1
125,2016,"soft_bottom",1
126,2016,"soft_bottom",1
127,2016,"soft_bottom",1
129,2016,"soft_bottom",0.999960491859249
130,2016,"soft_bottom",1
131,2016,"soft_bottom",1
132,2016,"soft_bottom",0.999992079880595
133,2016,"soft_bottom",1
134,2016,"soft_bottom",1
135,2016,"soft_bottom",1
136,2016,"soft_bottom",1
137,2016,"soft_bottom",1
138,2016,"soft_bottom",0.999999762129707
139,2016,"soft_bottom",0.999999958374654
140,2016,"soft_bottom",1
141,2016,"soft_bottom",0.986470600640644
143,2016,"soft_bottom",0.991251538716376
144,2016,"soft_bottom",0.999603607773766
145,2016,"soft_bottom",0.998720961437046
146,2016,"soft_bottom",1
147,2016,"soft_bottom",0.99999787918682
148,2016,"soft_bottom",1
149,2016,"soft_bottom",1
150,2016,"soft_bottom",1
151,2016,"soft_bottom",1
152,2016,"soft_bottom",1
153,2016,"soft_bottom",1
154,2016,"soft_bottom",1
155,2016,"soft_bottom",1
156,2016,"soft_bottom",1
157,2016,"soft_bottom",1
158,2016,"soft_bottom",1
159,2016,"soft_bottom",1
161,2016,"soft_bottom",1
162,2016,"soft_bottom",0.997355232256957
163,2016,"soft_bottom",0.998828566062319
164,2016,"soft_bottom",1
166,2016,"soft_bottom",1
167,2016,"soft_bottom",1
168,2016,"soft_bottom",1
169,2016,"soft_bottom",0.994756792690658
171,2016,"soft_bottom",0.999711471431917
172,2016,"soft_bottom",0.997162966566018
173,2016,"soft_bottom",0.993517001948765
174,2016,"soft_bottom",0.999469254546547
175,2016,"soft_bottom",0.986204281914476
176,2016,"soft_bottom",0.977048196906787
177,2016,"soft_bottom",0.959482682002481
178,2016,"soft_bottom",0.994643172015639
179,2016,"soft_bottom",0.955928956882153
180,2016,"soft_bottom",0.985915947411517
181,2016,"soft_bottom",0.987914179857503
182,2016,"soft_bottom",0.942225178637402
183,2016,"soft_bottom",0.97099448363148
184,2016,"soft_bottom",0.925410959445359
185,2016,"soft_bottom",1
186,2016,"soft_bottom",0.9971413057882
187,2016,"soft_bottom",0.983330672467645
188,2016,"soft_bottom",0.901563131025285
189,2016,"soft_bottom",0.997748470089793
190,2016,"soft_bottom",0.999540890688311
191,2016,"soft_bottom",0.99929400718901
192,2016,"soft_bottom",1
193,2016,"soft_bottom",0.982090350018989
194,2016,"soft_bottom",0.999115703130681
195,2016,"soft_bottom",0.988440610272039
196,2016,"soft_bottom",1
197,2016,"soft_bottom",0.996856056751593
198,2016,"soft_bottom",0.999602034359686
199,2016,"soft_bottom",0.99562090867992
200,2016,"soft_bottom",0.991827086667183
202,2016,"soft_bottom",1
203,2016,"soft_bottom",0.999979638996682
204,2016,"soft_bottom",1
205,2016,"soft_bottom",1
206,2016,"soft_bottom",0.99957468107157
207,2016,"soft_bottom",0.99998727240209
208,2016,"soft_bottom",0.999976038180218
209,2016,"soft_bottom",0.953303364236308
210,2016,"soft_bottom",0.999456728476236
212,2016,"soft_bottom",1
214,2016,"soft_bottom",0.999997949497113
215,2016,"soft_bottom",1
216,2016,"soft_bottom",1
218,2016,"soft_bottom",0.999797626162827
219,2016,"soft_bottom",0.999997221799643
220,2016,"soft_bottom",1
221,2016,"soft_bottom",1
222,2016,"soft_bottom",0.996294784408473
223,2016,"soft_bottom",0.994384957442146
224,2016,"soft_bottom",0.999757023708545
227,2016,"soft_bottom",0.980404543232357
228,2016,"soft_bottom",0.782504250973263
231,2016,"soft_bottom",1
232,2016,"soft_bottom",1
237,2016,"soft_bottom",1
244,2016,"soft_bottom",1
245,2016,"soft_bottom",1
247,2016,"soft_bottom",0.999898499013697
248,2016,"soft_bottom",1
249,2016,"soft_bottom",1
250,2016,"soft_bottom",1
1,2017,"soft_bottom",1
2,2017,"soft_bottom",0.999659005277817
3,2017,"soft_bottom",1
4,2017,"soft_bottom",1
5,2017,"soft_bottom",1
6,2017,"soft_bottom",1
7,2017,"soft_bottom",1
8,2017,"soft_bottom",1
9,2017,"soft_bottom",1
10,2017,"soft_bottom",1
11,2017,"soft_bottom",0.999998739979825
12,2017,"soft_bottom",1
13,2017,"soft_bottom",1
14,2017,"soft_bottom",0.986103062852349
15,2017,"soft_bottom",1
16,2017,"soft_bottom",0.999711080229304
17,2017,"soft_bottom",1
18,2017,"soft_bottom",1
19,2017,"soft_bottom",1
20,2017,"soft_bottom",0.999038209250403
21,2017,"soft_bottom",0.999559209945622
24,2017,"soft_bottom",0.999999616475824
25,2017,"soft_bottom",0.999746650363312
26,2017,"soft_bottom",1
28,2017,"soft_bottom",1
29,2017,"soft_bottom",1
30,2017,"soft_bottom",1
31,2017,"soft_bottom",1
32,2017,"soft_bottom",0.999988060822651
33,2017,"soft_bottom",1
34,2017,"soft_bottom",0.999573893305523
35,2017,"soft_bottom",1
36,2017,"soft_bottom",1
37,2017,"soft_bottom",0.999999396332637
38,2017,"soft_bottom",1
39,2017,"soft_bottom",1
40,2017,"soft_bottom",0.99998976100657
41,2017,"soft_bottom",0.995401719806224
42,2017,"soft_bottom",0.999702635721325
43,2017,"soft_bottom",0.999598012205218
44,2017,"soft_bottom",0.998984444778128
45,2017,"soft_bottom",1
46,2017,"soft_bottom",1
47,2017,"soft_bottom",1
48,2017,"soft_bottom",0.999940880557093
49,2017,"soft_bottom",0.999987329364063
50,2017,"soft_bottom",0.999934687503309
51,2017,"soft_bottom",1
52,2017,"soft_bottom",0.998686867844396
53,2017,"soft_bottom",1
54,2017,"soft_bottom",0.999992133191384
55,2017,"soft_bottom",0.999947442316154
56,2017,"soft_bottom",0.999982010840983
57,2017,"soft_bottom",0.999874927239557
58,2017,"soft_bottom",0.999804285441908
59,2017,"soft_bottom",0.897831741308536
60,2017,"soft_bottom",0.989896120299543
61,2017,"soft_bottom",0.98998560026682
62,2017,"soft_bottom",0.995288554864485
63,2017,"soft_bottom",0.994159187051424
64,2017,"soft_bottom",0.995198178726178
65,2017,"soft_bottom",0.982296678474273
66,2017,"soft_bottom",0.978693219431906
67,2017,"soft_bottom",0.998941423357875
68,2017,"soft_bottom",0.976875748779813
69,2017,"soft_bottom",0.999445298369076
70,2017,"soft_bottom",0.999619703489964
71,2017,"soft_bottom",0.996725773143498
72,2017,"soft_bottom",0.999182544449592
73,2017,"soft_bottom",0.999184347090514
74,2017,"soft_bottom",0.9996922601621
75,2017,"soft_bottom",0.999293436795804
76,2017,"soft_bottom",0.987316672441696
77,2017,"soft_bottom",0.996221241850932
78,2017,"soft_bottom",0.999999650723507
79,2017,"soft_bottom",0.96082180393678
80,2017,"soft_bottom",0.978588284569774
81,2017,"soft_bottom",0.993699036724063
82,2017,"soft_bottom",0.996945358612577
84,2017,"soft_bottom",1
85,2017,"soft_bottom",1
86,2017,"soft_bottom",1
88,2017,"soft_bottom",0.998154977084465
89,2017,"soft_bottom",0.999358881026716
90,2017,"soft_bottom",1
91,2017,"soft_bottom",1
92,2017,"soft_bottom",0.9748948002995
93,2017,"soft_bottom",0.999907425019685
94,2017,"soft_bottom",1
95,2017,"soft_bottom",0.994738168199442
96,2017,"soft_bottom",0.996024153930698
97,2017,"soft_bottom",0.999991695392093
98,2017,"soft_bottom",0.975797071722666
99,2017,"soft_bottom",1
100,2017,"soft_bottom",0.970639885931008
101,2017,"soft_bottom",0.999661420849308
102,2017,"soft_bottom",0.997679966815044
103,2017,"soft_bottom",1
104,2017,"soft_bottom",0.998254724994608
105,2017,"soft_bottom",1
106,2017,"soft_bottom",0.99761034380775
107,2017,"soft_bottom",1
108,2017,"soft_bottom",1
110,2017,"soft_bottom",1
111,2017,"soft_bottom",1
112,2017,"soft_bottom",1
113,2017,"soft_bottom",1
114,2017,"soft_bottom",1
115,2017,"soft_bottom",1
116,2017,"soft_bottom",1
117,2017,"soft_bottom",0.999966728136503
118,2017,"soft_bottom",0.999976022718835
119,2017,"soft_bottom",1
120,2017,"soft_bottom",0.999935760573166
121,2017,"soft_bottom",0.999990573744656
122,2017,"soft_bottom",0.999903656134948
123,2017,"soft_bottom",0.99967034867457
124,2017,"soft_bottom",1
125,2017,"soft_bottom",1
126,2017,"soft_bottom",1
127,2017,"soft_bottom",1
129,2017,"soft_bottom",0.999962685462997
130,2017,"soft_bottom",1
131,2017,"soft_bottom",1
132,2017,"soft_bottom",1
133,2017,"soft_bottom",1
134,2017,"soft_bottom",1
135,2017,"soft_bottom",0.999982047346908
136,2017,"soft_bottom",1
137,2017,"soft_bottom",1
138,2017,"soft_bottom",0.999999821095184
139,2017,"soft_bottom",1
140,2017,"soft_bottom",0.999766163374338
141,2017,"soft_bottom",0.987366836539743
143,2017,"soft_bottom",0.991148277722597
144,2017,"soft_bottom",0.999459985565297
145,2017,"soft_bottom",0.998600255486273
146,2017,"soft_bottom",1
147,2017,"soft_bottom",1
148,2017,"soft_bottom",1
149,2017,"soft_bottom",1
150,2017,"soft_bottom",1
151,2017,"soft_bottom",1
152,2017,"soft_bottom",1
153,2017,"soft_bottom",0.999746666967275
154,2017,"soft_bottom",1
155,2017,"soft_bottom",1
156,2017,"soft_bottom",1
157,2017,"soft_bottom",1
158,2017,"soft_bottom",1
159,2017,"soft_bottom",1
161,2017,"soft_bottom",1
162,2017,"soft_bottom",0.996946706522245
163,2017,"soft_bottom",0.99823102785318
164,2017,"soft_bottom",1
166,2017,"soft_bottom",1
167,2017,"soft_bottom",1
168,2017,"soft_bottom",1
169,2017,"soft_bottom",0.995974905469722
171,2017,"soft_bottom",0.999026460018594
172,2017,"soft_bottom",0.996670941882811
173,2017,"soft_bottom",0.991718073925175
174,2017,"soft_bottom",0.99954631817756
175,2017,"soft_bottom",0.985461274806978
176,2017,"soft_bottom",0.978308995906292
177,2017,"soft_bottom",0.956752347355112
178,2017,"soft_bottom",0.994439375521664
179,2017,"soft_bottom",0.951067158974974
180,2017,"soft_bottom",0.986647530598876
181,2017,"soft_bottom",0.991194381415232
182,2017,"soft_bottom",0.936932614654635
183,2017,"soft_bottom",0.965495389900217
184,2017,"soft_bottom",0.927103496400627
185,2017,"soft_bottom",1
186,2017,"soft_bottom",0.996564425196033
187,2017,"soft_bottom",0.984291258883658
188,2017,"soft_bottom",0.906364023583468
189,2017,"soft_bottom",0.997740037918437
190,2017,"soft_bottom",0.999622750361282
191,2017,"soft_bottom",0.99838384650593
192,2017,"soft_bottom",1
193,2017,"soft_bottom",0.983260871671777
194,2017,"soft_bottom",0.999357728193465
195,2017,"soft_bottom",0.99047135306727
196,2017,"soft_bottom",0
197,2017,"soft_bottom",0.997403943483216
198,2017,"soft_bottom",0.99977863698751
199,2017,"soft_bottom",0.98894289564318
200,2017,"soft_bottom",0.990191844501515
202,2017,"soft_bottom",1
203,2017,"soft_bottom",0.999639521273637
204,2017,"soft_bottom",1
205,2017,"soft_bottom",1
206,2017,"soft_bottom",0.999159848721651
207,2017,"soft_bottom",0.999843589749364
208,2017,"soft_bottom",0.995624386774908
209,2017,"soft_bottom",0.945829462484027
210,2017,"soft_bottom",0.998188915140776
212,2017,"soft_bottom",1
214,2017,"soft_bottom",0.99998759041091
215,2017,"soft_bottom",1
216,2017,"soft_bottom",0.999999954241833
218,2017,"soft_bottom",0.999728621572623
219,2017,"soft_bottom",0.999989927420168
220,2017,"soft_bottom",0.99731467475742
221,2017,"soft_bottom",0.99996557860888
222,2017,"soft_bottom",0.995845067019137
223,2017,"soft_bottom",0.995462080440344
224,2017,"soft_bottom",0.999795226288435
227,2017,"soft_bottom",0.989681153984266
228,2017,"soft_bottom",0.798727539741873
231,2017,"soft_bottom",1
232,2017,"soft_bottom",1
237,2017,"soft_bottom",1
244,2017,"soft_bottom",1
245,2017,"soft_bottom",1
247,2017,"soft_bottom",0.999797726642931
248,2017,"soft_bottom",1
249,2017,"soft_bottom",1
250,2017,"soft_bottom",1
1,2018,"soft_bottom",1
2,2018,"soft_bottom",1
3,2018,"soft_bottom",1
4,2018,"soft_bottom",1
5,2018,"soft_bottom",1
6,2018,"soft_bottom",1
7,2018,"soft_bottom",1
8,2018,"soft_bottom",0.914127736475057
9,2018,"soft_bottom",1
10,2018,"soft_bottom",1
11,2018,"soft_bottom",1
12,2018,"soft_bottom",1
13,2018,"soft_bottom",1
14,2018,"soft_bottom",0.986800233415082
15,2018,"soft_bottom",1
16,2018,"soft_bottom",0.999592293477517
17,2018,"soft_bottom",0.9999993955309
18,2018,"soft_bottom",1
19,2018,"soft_bottom",1
20,2018,"soft_bottom",0.997333472004844
21,2018,"soft_bottom",0.99922340105067
24,2018,"soft_bottom",1
25,2018,"soft_bottom",0.999385229081938
26,2018,"soft_bottom",1
28,2018,"soft_bottom",1
29,2018,"soft_bottom",1
30,2018,"soft_bottom",1
31,2018,"soft_bottom",1
32,2018,"soft_bottom",0.999998684823877
33,2018,"soft_bottom",1
34,2018,"soft_bottom",0.999959143074517
35,2018,"soft_bottom",1
36,2018,"soft_bottom",1
37,2018,"soft_bottom",0.999967135981418
38,2018,"soft_bottom",1
39,2018,"soft_bottom",1
40,2018,"soft_bottom",1
41,2018,"soft_bottom",0.994738657359758
42,2018,"soft_bottom",0.998564452307923
43,2018,"soft_bottom",0.999821736192751
44,2018,"soft_bottom",1
45,2018,"soft_bottom",1
46,2018,"soft_bottom",1
47,2018,"soft_bottom",1
48,2018,"soft_bottom",0.999978048306814
49,2018,"soft_bottom",0.999999773328064
50,2018,"soft_bottom",0.999292852199105
51,2018,"soft_bottom",1
52,2018,"soft_bottom",0.999719865633032
53,2018,"soft_bottom",1
54,2018,"soft_bottom",0.999988676808364
55,2018,"soft_bottom",0.999945613984705
56,2018,"soft_bottom",0.999941005458373
57,2018,"soft_bottom",0.999760937932837
58,2018,"soft_bottom",0.999843323135063
59,2018,"soft_bottom",0.895720785465138
60,2018,"soft_bottom",0.990313613073052
61,2018,"soft_bottom",0.992582108412352
62,2018,"soft_bottom",0.994697486247942
63,2018,"soft_bottom",0.994839481156659
64,2018,"soft_bottom",0.989539562282993
65,2018,"soft_bottom",0.967976980576264
66,2018,"soft_bottom",0.98009220113153
67,2018,"soft_bottom",0.999478754738507
68,2018,"soft_bottom",0.979305617317286
69,2018,"soft_bottom",0.999426892343937
70,2018,"soft_bottom",0.999626371983818
71,2018,"soft_bottom",0.995230809139515
72,2018,"soft_bottom",0.999523128285455
73,2018,"soft_bottom",0.999140307202729
74,2018,"soft_bottom",0.99901137003914
75,2018,"soft_bottom",0.99906809158682
76,2018,"soft_bottom",0.98663198874193
77,2018,"soft_bottom",0.998865240721262
78,2018,"soft_bottom",1
79,2018,"soft_bottom",0.967922835550587
80,2018,"soft_bottom",0.978607939680259
81,2018,"soft_bottom",0.995260864749496
82,2018,"soft_bottom",0.993862726762895
84,2018,"soft_bottom",0.999982848024761
85,2018,"soft_bottom",1
86,2018,"soft_bottom",1
88,2018,"soft_bottom",0.999085205993994
89,2018,"soft_bottom",0.999540552244487
90,2018,"soft_bottom",1
91,2018,"soft_bottom",1
92,2018,"soft_bottom",0.925274420963503
93,2018,"soft_bottom",1
94,2018,"soft_bottom",1
95,2018,"soft_bottom",0.994849999045638
96,2018,"soft_bottom",0.996957251253257
97,2018,"soft_bottom",0.9995352736528
98,2018,"soft_bottom",0.962288029220111
99,2018,"soft_bottom",1
100,2018,"soft_bottom",0.976043746557546
101,2018,"soft_bottom",0.999572551218778
102,2018,"soft_bottom",0.997669130981673
103,2018,"soft_bottom",1
104,2018,"soft_bottom",0.995047266272862
105,2018,"soft_bottom",1
106,2018,"soft_bottom",0.997204935847669
107,2018,"soft_bottom",1
108,2018,"soft_bottom",1
110,2018,"soft_bottom",1
111,2018,"soft_bottom",1
112,2018,"soft_bottom",1
113,2018,"soft_bottom",1
114,2018,"soft_bottom",1
115,2018,"soft_bottom",1
116,2018,"soft_bottom",1
117,2018,"soft_bottom",1
118,2018,"soft_bottom",1
119,2018,"soft_bottom",1
120,2018,"soft_bottom",1
121,2018,"soft_bottom",1
122,2018,"soft_bottom",1
123,2018,"soft_bottom",1
124,2018,"soft_bottom",1
125,2018,"soft_bottom",1
126,2018,"soft_bottom",1
127,2018,"soft_bottom",1
129,2018,"soft_bottom",0.999982291873323
130,2018,"soft_bottom",0.999985890033413
131,2018,"soft_bottom",1
132,2018,"soft_bottom",1
133,2018,"soft_bottom",0.999997606426423
134,2018,"soft_bottom",1
135,2018,"soft_bottom",0.999981533270666
136,2018,"soft_bottom",1
137,2018,"soft_bottom",1
138,2018,"soft_bottom",0.999996604107476
139,2018,"soft_bottom",0.999999962407487
140,2018,"soft_bottom",1
141,2018,"soft_bottom",0.987205355220539
143,2018,"soft_bottom",0.989514566804668
144,2018,"soft_bottom",0.999772184033173
145,2018,"soft_bottom",0.998595709864502
146,2018,"soft_bottom",1
147,2018,"soft_bottom",0.999996328872095
148,2018,"soft_bottom",1
149,2018,"soft_bottom",1
150,2018,"soft_bottom",1
151,2018,"soft_bottom",1
152,2018,"soft_bottom",1
153,2018,"soft_bottom",0.999604846130119
154,2018,"soft_bottom",1
155,2018,"soft_bottom",1
156,2018,"soft_bottom",1
157,2018,"soft_bottom",1
158,2018,"soft_bottom",1
159,2018,"soft_bottom",1
161,2018,"soft_bottom",1
162,2018,"soft_bottom",0.996878467683426
163,2018,"soft_bottom",0.997915660981736
164,2018,"soft_bottom",1
166,2018,"soft_bottom",1
167,2018,"soft_bottom",1
168,2018,"soft_bottom",0.999703300166097
169,2018,"soft_bottom",0.996435514238976
171,2018,"soft_bottom",0.99782510404845
172,2018,"soft_bottom",0.996306587416744
173,2018,"soft_bottom",0.991627693313932
174,2018,"soft_bottom",0.999580187957434
175,2018,"soft_bottom",0.9845729155301
176,2018,"soft_bottom",0.974300532813715
177,2018,"soft_bottom",0.963206807394487
178,2018,"soft_bottom",0.993701062817222
179,2018,"soft_bottom",0.952949757919884
180,2018,"soft_bottom",0.986269992435539
181,2018,"soft_bottom",0.990153088724205
182,2018,"soft_bottom",0.93569844863645
183,2018,"soft_bottom",0.965232772723677
184,2018,"soft_bottom",0.930561800253047
185,2018,"soft_bottom",1
186,2018,"soft_bottom",0.993286482212801
187,2018,"soft_bottom",0.986293059249555
188,2018,"soft_bottom",0.902883410866515
189,2018,"soft_bottom",0.997531220159136
190,2018,"soft_bottom",0.998937600894763
191,2018,"soft_bottom",0.998308869175031
192,2018,"soft_bottom",1
193,2018,"soft_bottom",0.99134914033739
194,2018,"soft_bottom",0.998045092550939
195,2018,"soft_bottom",0.99686193471081
196,2018,"soft_bottom",0
197,2018,"soft_bottom",0.996728983754134
198,2018,"soft_bottom",0.999711692935342
199,2018,"soft_bottom",0.991988038046264
200,2018,"soft_bottom",0.988156600754646
202,2018,"soft_bottom",1
203,2018,"soft_bottom",0.999430111604786
204,2018,"soft_bottom",1
205,2018,"soft_bottom",1
206,2018,"soft_bottom",0.998078703184528
207,2018,"soft_bottom",0.999742629379117
208,2018,"soft_bottom",0.987783956031333
209,2018,"soft_bottom",0.941968409768815
210,2018,"soft_bottom",0.997730556667387
212,2018,"soft_bottom",1
214,2018,"soft_bottom",1
215,2018,"soft_bottom",1
216,2018,"soft_bottom",0.99999991089325
218,2018,"soft_bottom",0.999627508044265
219,2018,"soft_bottom",0.999270025290959
220,2018,"soft_bottom",1
221,2018,"soft_bottom",1
222,2018,"soft_bottom",0.995386841852938
223,2018,"soft_bottom",0.995456844975871
224,2018,"soft_bottom",0.999779250043905
227,2018,"soft_bottom",0.986401706706512
228,2018,"soft_bottom",0.675147103146554
231,2018,"soft_bottom",1
232,2018,"soft_bottom",1
237,2018,"soft_bottom",1
244,2018,"soft_bottom",1
245,2018,"soft_bottom",1
247,2018,"soft_bottom",0.999577531551841
248,2018,"soft_bottom",1
249,2018,"soft_bottom",1
250,2018,"soft_bottom",1
1,2019,"soft_bottom",1
2,2019,"soft_bottom",1
3,2019,"soft_bottom",1
4,2019,"soft_bottom",1
5,2019,"soft_bottom",1
6,2019,"soft_bottom",1
7,2019,"soft_bottom",1
8,2019,"soft_bottom",0.980265403763556
9,2019,"soft_bottom",1
10,2019,"soft_bottom",1
11,2019,"soft_bottom",1
12,2019,"soft_bottom",1
13,2019,"soft_bottom",1
14,2019,"soft_bottom",0.984541909661618
15,2019,"soft_bottom",1
16,2019,"soft_bottom",0.999537480949423
17,2019,"soft_bottom",0.999999382893063
18,2019,"soft_bottom",1
19,2019,"soft_bottom",1
20,2019,"soft_bottom",0.995245980880901
21,2019,"soft_bottom",0.998241574297248
24,2019,"soft_bottom",1
25,2019,"soft_bottom",0.999234995341754
26,2019,"soft_bottom",1
28,2019,"soft_bottom",1
29,2019,"soft_bottom",1
30,2019,"soft_bottom",1
31,2019,"soft_bottom",0.999996889919338
32,2019,"soft_bottom",0.999834909607474
33,2019,"soft_bottom",1
34,2019,"soft_bottom",0.99970454555876
35,2019,"soft_bottom",1
36,2019,"soft_bottom",1
37,2019,"soft_bottom",0.999918031208704
38,2019,"soft_bottom",1
39,2019,"soft_bottom",1
40,2019,"soft_bottom",0.99998531325367
41,2019,"soft_bottom",0.995370809819254
42,2019,"soft_bottom",0.99507871168687
43,2019,"soft_bottom",0.999616331295316
44,2019,"soft_bottom",1
45,2019,"soft_bottom",1
46,2019,"soft_bottom",1
47,2019,"soft_bottom",1
48,2019,"soft_bottom",0.999991706256155
49,2019,"soft_bottom",1
50,2019,"soft_bottom",0.998502292524799
51,2019,"soft_bottom",0.999577450910481
52,2019,"soft_bottom",0.99879024861317
53,2019,"soft_bottom",1
54,2019,"soft_bottom",0.999933646608014
55,2019,"soft_bottom",0.999971066635612
56,2019,"soft_bottom",0.999977717640639
57,2019,"soft_bottom",0.999989341649191
58,2019,"soft_bottom",0.999779445657551
59,2019,"soft_bottom",0.917399912131745
60,2019,"soft_bottom",0.996514926700696
61,2019,"soft_bottom",0.99397373316425
62,2019,"soft_bottom",0.994020549018767
63,2019,"soft_bottom",0.99349404374321
64,2019,"soft_bottom",0.992982057868802
65,2019,"soft_bottom",0.987502840410634
66,2019,"soft_bottom",0.97420751314833
67,2019,"soft_bottom",0.999177412535525
68,2019,"soft_bottom",0.977720834818469
69,2019,"soft_bottom",0.99958582123107
70,2019,"soft_bottom",0.999613704763368
71,2019,"soft_bottom",0.989773379977465
72,2019,"soft_bottom",0.999473744438347
73,2019,"soft_bottom",0.999100354407354
74,2019,"soft_bottom",0.998846006589878
75,2019,"soft_bottom",0.998333063284261
76,2019,"soft_bottom",0.986320481724603
77,2019,"soft_bottom",0.996196053552893
78,2019,"soft_bottom",1
79,2019,"soft_bottom",0.976314940852395
80,2019,"soft_bottom",0.97879069601024
81,2019,"soft_bottom",0.997649816942446
82,2019,"soft_bottom",0.987957994327126
84,2019,"soft_bottom",1
85,2019,"soft_bottom",1
86,2019,"soft_bottom",1
88,2019,"soft_bottom",0.993892408648677
89,2019,"soft_bottom",0.999527043872528
90,2019,"soft_bottom",1
91,2019,"soft_bottom",1
92,2019,"soft_bottom",0.951763893578415
93,2019,"soft_bottom",1
94,2019,"soft_bottom",1
95,2019,"soft_bottom",0.994460420935117
96,2019,"soft_bottom",0.99789524551133
97,2019,"soft_bottom",0.995214035658668
98,2019,"soft_bottom",0.959924398983805
99,2019,"soft_bottom",1
100,2019,"soft_bottom",0.976770543202451
101,2019,"soft_bottom",0.99946155070486
102,2019,"soft_bottom",0.997474953810639
103,2019,"soft_bottom",1
104,2019,"soft_bottom",0.997299995817606
105,2019,"soft_bottom",1
106,2019,"soft_bottom",0.998066371765616
107,2019,"soft_bottom",1
108,2019,"soft_bottom",1
110,2019,"soft_bottom",1
111,2019,"soft_bottom",1
112,2019,"soft_bottom",1
113,2019,"soft_bottom",1
114,2019,"soft_bottom",1
115,2019,"soft_bottom",1
116,2019,"soft_bottom",1
117,2019,"soft_bottom",1
118,2019,"soft_bottom",1
119,2019,"soft_bottom",1
120,2019,"soft_bottom",1
121,2019,"soft_bottom",1
122,2019,"soft_bottom",1
123,2019,"soft_bottom",1
124,2019,"soft_bottom",1
125,2019,"soft_bottom",1
126,2019,"soft_bottom",1
127,2019,"soft_bottom",1
129,2019,"soft_bottom",1
130,2019,"soft_bottom",0.999862232094006
131,2019,"soft_bottom",1
132,2019,"soft_bottom",0.999774318978317
133,2019,"soft_bottom",1
134,2019,"soft_bottom",1
135,2019,"soft_bottom",0.99997947310283
136,2019,"soft_bottom",1
137,2019,"soft_bottom",1
138,2019,"soft_bottom",0.99998873079865
139,2019,"soft_bottom",0.999791988407981
140,2019,"soft_bottom",1
141,2019,"soft_bottom",0.98832503319913
143,2019,"soft_bottom",0.990716166850055
144,2019,"soft_bottom",0.99985009487511
145,2019,"soft_bottom",0.99842530306191
146,2019,"soft_bottom",1
147,2019,"soft_bottom",1
148,2019,"soft_bottom",1
149,2019,"soft_bottom",1
150,2019,"soft_bottom",1
151,2019,"soft_bottom",1
152,2019,"soft_bottom",1
153,2019,"soft_bottom",1
154,2019,"soft_bottom",1
155,2019,"soft_bottom",1
156,2019,"soft_bottom",1
157,2019,"soft_bottom",1
158,2019,"soft_bottom",1
159,2019,"soft_bottom",1
161,2019,"soft_bottom",1
162,2019,"soft_bottom",0.996527749432306
163,2019,"soft_bottom",0.99792681441587
164,2019,"soft_bottom",1
166,2019,"soft_bottom",1
167,2019,"soft_bottom",1
168,2019,"soft_bottom",0.999776179683292
169,2019,"soft_bottom",0.996485615907021
171,2019,"soft_bottom",0.997253847618026
172,2019,"soft_bottom",0.996014554568176
173,2019,"soft_bottom",0.991857608460157
174,2019,"soft_bottom",0.999625252383556
175,2019,"soft_bottom",0.984271462746876
176,2019,"soft_bottom",0.985718589378514
177,2019,"soft_bottom",0.966763532274553
178,2019,"soft_bottom",0.994606428330128
179,2019,"soft_bottom",0.952056637181092
180,2019,"soft_bottom",0.985824564608108
181,2019,"soft_bottom",0.990155847404959
182,2019,"soft_bottom",0.933133369877222
183,2019,"soft_bottom",0.968536344598433
184,2019,"soft_bottom",0.930735935046501
185,2019,"soft_bottom",1
186,2019,"soft_bottom",0.986078343321591
187,2019,"soft_bottom",0.985753174054939
188,2019,"soft_bottom",0.8831123060855
189,2019,"soft_bottom",0.999086961947048
190,2019,"soft_bottom",0.999623421268253
191,2019,"soft_bottom",0.999438058184803
192,2019,"soft_bottom",1
193,2019,"soft_bottom",0.980854782659066
194,2019,"soft_bottom",0.996809619848203
195,2019,"soft_bottom",0.992165152936876
196,2019,"soft_bottom",0
197,2019,"soft_bottom",0.974423464474188
198,2019,"soft_bottom",0.998536864716691
199,2019,"soft_bottom",0.988958565743243
200,2019,"soft_bottom",0.990903057308519
202,2019,"soft_bottom",1
203,2019,"soft_bottom",0.998965840986949
204,2019,"soft_bottom",0.999996789974527
205,2019,"soft_bottom",0.999999036763465
206,2019,"soft_bottom",0.997354195719167
207,2019,"soft_bottom",0.999082512756963
208,2019,"soft_bottom",0.989167327259392
209,2019,"soft_bottom",0.932658422508902
210,2019,"soft_bottom",0.997390250209028
212,2019,"soft_bottom",1
214,2019,"soft_bottom",0.999992431331006
215,2019,"soft_bottom",1
216,2019,"soft_bottom",0.999999530110202
218,2019,"soft_bottom",0.999553176182835
219,2019,"soft_bottom",0.999289099013923
220,2019,"soft_bottom",1
221,2019,"soft_bottom",1
222,2019,"soft_bottom",0.995315150651956
223,2019,"soft_bottom",0.995410774684494
224,2019,"soft_bottom",0.999750156275742
227,2019,"soft_bottom",0.982452830958415
228,2019,"soft_bottom",0.716627185002434
231,2019,"soft_bottom",1
232,2019,"soft_bottom",1
237,2019,"soft_bottom",1
244,2019,"soft_bottom",1
245,2019,"soft_bottom",1
247,2019,"soft_bottom",0.999963646132495
248,2019,"soft_bottom",1
249,2019,"soft_bottom",1
250,2019,"soft_bottom",1
1,2020,"soft_bottom",0.999868808009054
2,2020,"soft_bottom",1
3,2020,"soft_bottom",1
4,2020,"soft_bottom",0.999679980671463
5,2020,"soft_bottom",1
6,2020,"soft_bottom",1
7,2020,"soft_bottom",1
8,2020,"soft_bottom",1
9,2020,"soft_bottom",1
10,2020,"soft_bottom",1
11,2020,"soft_bottom",1
12,2020,"soft_bottom",1
13,2020,"soft_bottom",1
14,2020,"soft_bottom",0.981945838950722
15,2020,"soft_bottom",1
16,2020,"soft_bottom",0.999560198621818
17,2020,"soft_bottom",1
18,2020,"soft_bottom",1
19,2020,"soft_bottom",1
20,2020,"soft_bottom",0.995069447927524
21,2020,"soft_bottom",0.999040035131285
24,2020,"soft_bottom",1
25,2020,"soft_bottom",0.999329596474724
26,2020,"soft_bottom",1
28,2020,"soft_bottom",1
29,2020,"soft_bottom",1
30,2020,"soft_bottom",1
31,2020,"soft_bottom",0.999989644336689
32,2020,"soft_bottom",0.999229834121933
33,2020,"soft_bottom",1
34,2020,"soft_bottom",1
35,2020,"soft_bottom",1
36,2020,"soft_bottom",1
37,2020,"soft_bottom",0.999895546352312
38,2020,"soft_bottom",1
39,2020,"soft_bottom",1
40,2020,"soft_bottom",0.999954816197135
41,2020,"soft_bottom",0.99600638056223
42,2020,"soft_bottom",0.994934263934072
43,2020,"soft_bottom",1
44,2020,"soft_bottom",1
45,2020,"soft_bottom",0.999999203510138
46,2020,"soft_bottom",1
47,2020,"soft_bottom",0.999999370016413
48,2020,"soft_bottom",0.999640995177488
49,2020,"soft_bottom",0.999993801278363
50,2020,"soft_bottom",0.998154791494682
51,2020,"soft_bottom",0.998281542563215
52,2020,"soft_bottom",0.99705225088043
53,2020,"soft_bottom",0.999991478183426
54,2020,"soft_bottom",0.999966613299897
55,2020,"soft_bottom",0.99985782330391
56,2020,"soft_bottom",0.999961613789261
57,2020,"soft_bottom",0.999966169450961
58,2020,"soft_bottom",0.99937143069087
59,2020,"soft_bottom",0.923769978029768
60,2020,"soft_bottom",0.993884545464724
61,2020,"soft_bottom",0.993613614426782
62,2020,"soft_bottom",0.994113628962292
63,2020,"soft_bottom",0.993751918402827
64,2020,"soft_bottom",0.986252298592555
65,2020,"soft_bottom",0.989151351558244
66,2020,"soft_bottom",0.967610620536689
67,2020,"soft_bottom",0.99940828476087
68,2020,"soft_bottom",0.981758929046642
69,2020,"soft_bottom",0.999536759642884
70,2020,"soft_bottom",0.999642520355204
71,2020,"soft_bottom",0.989624005720582
72,2020,"soft_bottom",0.998592456344365
73,2020,"soft_bottom",0.999022754739925
74,2020,"soft_bottom",0.999165618847739
75,2020,"soft_bottom",0.997933977254466
76,2020,"soft_bottom",0.990286358938926
77,2020,"soft_bottom",0.994690367491389
78,2020,"soft_bottom",1
79,2020,"soft_bottom",0.984043338810681
80,2020,"soft_bottom",0.977979411651766
81,2020,"soft_bottom",0.988636733659096
82,2020,"soft_bottom",0.984880935744004
84,2020,"soft_bottom",0.999992966451647
85,2020,"soft_bottom",1
86,2020,"soft_bottom",1
88,2020,"soft_bottom",0.995385879849273
89,2020,"soft_bottom",0.999548333602329
90,2020,"soft_bottom",1
91,2020,"soft_bottom",1
92,2020,"soft_bottom",0.906575032610833
93,2020,"soft_bottom",1
94,2020,"soft_bottom",1
95,2020,"soft_bottom",0.9943629553368
96,2020,"soft_bottom",0.999239732016609
97,2020,"soft_bottom",0.994104069038163
98,2020,"soft_bottom",0.958803846837244
99,2020,"soft_bottom",1
100,2020,"soft_bottom",0.980206207779787
101,2020,"soft_bottom",0.99940790633931
102,2020,"soft_bottom",0.997169222091475
103,2020,"soft_bottom",1
104,2020,"soft_bottom",0.999844563518164
105,2020,"soft_bottom",1
106,2020,"soft_bottom",0.996601453206878
107,2020,"soft_bottom",1
108,2020,"soft_bottom",1
110,2020,"soft_bottom",1
111,2020,"soft_bottom",1
112,2020,"soft_bottom",1
113,2020,"soft_bottom",1
114,2020,"soft_bottom",1
115,2020,"soft_bottom",1
116,2020,"soft_bottom",1
117,2020,"soft_bottom",1
118,2020,"soft_bottom",1
119,2020,"soft_bottom",1
120,2020,"soft_bottom",1
121,2020,"soft_bottom",1
122,2020,"soft_bottom",1
123,2020,"soft_bottom",1
124,2020,"soft_bottom",1
125,2020,"soft_bottom",1
126,2020,"soft_bottom",1
127,2020,"soft_bottom",1
129,2020,"soft_bottom",0.99997443176344
130,2020,"soft_bottom",1
131,2020,"soft_bottom",1
132,2020,"soft_bottom",0.999883243979498
133,2020,"soft_bottom",1
134,2020,"soft_bottom",1
135,2020,"soft_bottom",0.99999070948122
136,2020,"soft_bottom",1
137,2020,"soft_bottom",1
138,2020,"soft_bottom",1
139,2020,"soft_bottom",0.999867698873263
140,2020,"soft_bottom",1
141,2020,"soft_bottom",0.990303476418175
143,2020,"soft_bottom",0.990927953588248
144,2020,"soft_bottom",0.999945612038761
145,2020,"soft_bottom",0.998204952651501
146,2020,"soft_bottom",1
147,2020,"soft_bottom",1
148,2020,"soft_bottom",1
149,2020,"soft_bottom",1
150,2020,"soft_bottom",1
151,2020,"soft_bottom",1
152,2020,"soft_bottom",1
153,2020,"soft_bottom",1
154,2020,"soft_bottom",1
155,2020,"soft_bottom",1
156,2020,"soft_bottom",1
157,2020,"soft_bottom",1
158,2020,"soft_bottom",1
159,2020,"soft_bottom",1
161,2020,"soft_bottom",1
162,2020,"soft_bottom",0.996350230254167
163,2020,"soft_bottom",0.99684232433589
164,2020,"soft_bottom",1
166,2020,"soft_bottom",1
167,2020,"soft_bottom",0.999987018127222
168,2020,"soft_bottom",0.999540519261418
169,2020,"soft_bottom",0.997446617312328
171,2020,"soft_bottom",0.99682453507354
172,2020,"soft_bottom",0.996594497093332
173,2020,"soft_bottom",0.993043380665361
174,2020,"soft_bottom",0.999714451043304
175,2020,"soft_bottom",0.983400531693969
176,2020,"soft_bottom",0.980519887155652
177,2020,"soft_bottom",0.962111231373399
178,2020,"soft_bottom",0.994969257423935
179,2020,"soft_bottom",0.957624042363566
180,2020,"soft_bottom",0.988791959538298
181,2020,"soft_bottom",0.991465454530393
182,2020,"soft_bottom",0.938419483822824
183,2020,"soft_bottom",0.968371942561033
184,2020,"soft_bottom",0.932806486844765
185,2020,"soft_bottom",1
186,2020,"soft_bottom",0.988834160082219
187,2020,"soft_bottom",0.987121832062999
188,2020,"soft_bottom",0.8715768159838
189,2020,"soft_bottom",0.997412897613887
190,2020,"soft_bottom",0.999801715592661
191,2020,"soft_bottom",0.999337682268257
192,2020,"soft_bottom",0.999975612403657
193,2020,"soft_bottom",0.978722905164264
194,2020,"soft_bottom",0.997173212245238
195,2020,"soft_bottom",0.993551021209961
196,2020,"soft_bottom",0
197,2020,"soft_bottom",0.954875790465568
198,2020,"soft_bottom",0.897851639599406
199,2020,"soft_bottom",0.982155182974315
200,2020,"soft_bottom",0.991178906799682
202,2020,"soft_bottom",0.999869053888401
203,2020,"soft_bottom",0.999300777618459
204,2020,"soft_bottom",1
205,2020,"soft_bottom",0.999987137738294
206,2020,"soft_bottom",0.997391370628441
207,2020,"soft_bottom",0.998696485466606
208,2020,"soft_bottom",0.991088292160228
209,2020,"soft_bottom",0.934954554794604
210,2020,"soft_bottom",0.997012165540745
212,2020,"soft_bottom",1
214,2020,"soft_bottom",0.999989858781855
215,2020,"soft_bottom",1
216,2020,"soft_bottom",0.999920672813638
218,2020,"soft_bottom",0.999510677929679
219,2020,"soft_bottom",0.999187253468705
220,2020,"soft_bottom",1
221,2020,"soft_bottom",1
222,2020,"soft_bottom",0.995844366307517
223,2020,"soft_bottom",0.995228224121891
224,2020,"soft_bottom",0.99981128672586
227,2020,"soft_bottom",0.986328291531356
228,2020,"soft_bottom",0.781750767620748
231,2020,"soft_bottom",1
232,2020,"soft_bottom",1
237,2020,"soft_bottom",1
244,2020,"soft_bottom",1
245,2020,"soft_bottom",1
247,2020,"soft_bottom",0.999995760154866
248,2020,"soft_bottom",1
249,2020,"soft_bottom",1
250,2020,"soft_bottom",1
