"","rgn_id","year","pressure_score"
"1",1,2012,0
"2",2,2012,0
"3",3,2012,0
"4",4,2012,0
"5",5,2012,0
"6",6,2012,0
"7",7,2012,0
"8",8,2012,0
"9",9,2012,0
"10",10,2012,0
"11",11,2012,0
"12",12,2012,0
"13",13,2012,0
"14",14,2012,0.000507485085396135
"15",15,2012,0
"16",16,2012,0.00000195768544365726
"17",17,2012,0
"18",18,2012,0
"19",19,2012,0
"20",20,2012,0.0000106467233114699
"21",21,2012,0.000000711608238636344
"22",24,2012,0
"23",25,2012,0
"24",26,2012,0
"25",28,2012,0
"26",29,2012,0
"27",30,2012,0
"28",31,2012,0
"29",32,2012,0
"30",33,2012,0
"31",34,2012,0
"32",35,2012,0
"33",36,2012,0
"34",37,2012,0
"35",38,2012,0
"36",39,2012,0
"37",40,2012,0
"38",41,2012,0
"39",42,2012,0
"40",43,2012,0
"41",44,2012,0.00135458356329328
"42",45,2012,0
"43",46,2012,0
"44",47,2012,0.0000972049065127127
"45",48,2012,0.00000177910586501814
"46",49,2012,0
"47",50,2012,0
"48",51,2012,0
"49",52,2012,0
"50",53,2012,0
"51",54,2012,0.0000112032237923938
"52",55,2012,0
"53",56,2012,0.00000258082974715213
"54",57,2012,0.0000000407069927587318
"55",58,2012,0.000146754456073771
"56",59,2012,0.00685802008829273
"57",60,2012,0
"58",61,2012,0.00238074706416985
"59",62,2012,0.000000414241034027973
"60",63,2012,0.00140455568695917
"61",64,2012,0.00153334840800372
"62",65,2012,0.0077799252584272
"63",66,2012,0.000297479356592779
"64",67,2012,0.000037356876553915
"65",68,2012,0.000321350370962889
"66",69,2012,0.0000107128319622463
"67",70,2012,0.00000543956629029069
"68",71,2012,0.000287530842242695
"69",72,2012,0
"70",73,2012,0.000276109785041982
"71",74,2012,0
"72",75,2012,0.00000735807661814966
"73",76,2012,0.00109922874685848
"74",77,2012,0
"75",78,2012,0
"76",79,2012,0
"77",80,2012,0.00342517423636968
"78",81,2012,0.00367983117114561
"79",82,2012,0.00000522320273751494
"80",84,2012,0
"81",85,2012,0
"82",86,2012,0
"83",88,2012,0
"84",89,2012,0.000240891209711311
"85",90,2012,0
"86",91,2012,0
"87",92,2012,0.05768917137099
"88",93,2012,0
"89",94,2012,0.00131044154418897
"90",95,2012,0.00703101077327293
"91",96,2012,0.00000625096542908669
"92",97,2012,0
"93",98,2012,0
"94",99,2012,0
"95",100,2012,0
"96",101,2012,0.0000764176970303799
"97",102,2012,0.0000205404613620943
"98",103,2012,0
"99",104,2012,0
"100",105,2012,0
"101",106,2012,0.00160069656175115
"102",107,2012,0
"103",108,2012,0
"104",110,2012,0.0000128050062965572
"105",111,2012,0.0000268345421130627
"106",112,2012,0
"107",113,2012,0
"108",114,2012,0
"109",115,2012,0
"110",116,2012,0
"111",117,2012,0
"112",118,2012,0
"113",119,2012,0
"114",120,2012,0
"115",121,2012,0
"116",122,2012,0
"117",123,2012,0
"118",124,2012,0
"119",125,2012,0
"120",126,2012,0
"121",127,2012,0
"122",129,2012,0.000000236488012520844
"123",130,2012,0
"124",131,2012,0
"125",132,2012,0
"126",133,2012,0
"127",134,2012,0
"128",135,2012,0
"129",136,2012,0
"130",137,2012,0
"131",138,2012,0.000000370286281687529
"132",139,2012,0
"133",140,2012,0
"134",141,2012,0.00390537453084989
"135",143,2012,0.0126325027980133
"136",144,2012,0.0215436711150532
"137",145,2012,0.00157531343050781
"138",146,2012,0
"139",147,2012,0.0000000943411953798657
"140",148,2012,0
"141",149,2012,0
"142",150,2012,0
"143",151,2012,0
"144",152,2012,0
"145",153,2012,0
"146",154,2012,0
"147",155,2012,0
"148",156,2012,0
"149",157,2012,0
"150",158,2012,0
"151",159,2012,0
"152",161,2012,0
"153",162,2012,0.00150652295331543
"154",163,2012,0.000325537466579488
"155",164,2012,0
"156",166,2012,0
"157",167,2012,0
"158",168,2012,0.00000817658837570278
"159",169,2012,0.00459993495139165
"160",171,2012,0.000000151614248605713
"161",172,2012,0.00194647757026608
"162",173,2012,0.00797005629480865
"163",174,2012,0.00000212615831071576
"164",175,2012,0.00436605474738648
"165",176,2012,0.00278109237196387
"166",177,2012,0.00976971109697254
"167",178,2012,0.00174388111545139
"168",179,2012,0.00903656236010453
"169",180,2012,0.00218898624072176
"170",181,2012,0.00256265273163295
"171",182,2012,0.00381525106329224
"172",183,2012,0.00623031708894792
"173",184,2012,0.00217009538723181
"174",185,2012,0
"175",186,2012,0
"176",187,2012,0.00031089242626957
"177",188,2012,0
"178",189,2012,0.000159089272668996
"179",190,2012,0
"180",191,2012,0.0000449454746322882
"181",192,2012,0
"182",193,2012,0.00212171398470636
"183",194,2012,0.00126437622789744
"184",195,2012,0.000171900709156565
"185",196,2012,0
"186",197,2012,0
"187",198,2012,0.00010182382529255
"188",199,2012,0.00000628192347090268
"189",200,2012,0.000107919704378031
"190",202,2012,0
"191",203,2012,0
"192",204,2012,0
"193",205,2012,0
"194",206,2012,0
"195",207,2012,0.000000214642369314095
"196",208,2012,0
"197",209,2012,0.00552218881960451
"198",210,2012,0.000056304541658012
"199",212,2012,0
"200",214,2012,0.00000427136951416188
"201",215,2012,0
"202",216,2012,0.00000276161200592765
"203",218,2012,0.000112457097301418
"204",219,2012,0.0000220368159979954
"205",220,2012,0
"206",221,2012,0
"207",222,2012,0.00177397852895123
"208",223,2012,0.00381076503877195
"209",224,2012,0.000248938130264474
"210",227,2012,0.000642880265984675
"211",228,2012,0.029039588251905
"212",231,2012,0
"213",232,2012,0
"214",237,2012,0
"215",244,2012,0
"216",245,2012,0
"217",247,2012,0
"218",248,2012,0
"219",249,2012,0
"220",250,2012,0
"221",1,2013,0
"222",2,2013,0
"223",3,2013,0
"224",4,2013,0
"225",5,2013,0
"226",6,2013,0
"227",7,2013,0
"228",8,2013,0
"229",9,2013,0
"230",10,2013,0
"231",11,2013,0
"232",12,2013,0
"233",13,2013,0
"234",14,2013,0.00409738643218367
"235",15,2013,0
"236",16,2013,0.0000518336374015398
"237",17,2013,0
"238",18,2013,0
"239",19,2013,0
"240",20,2013,0.000340091338706788
"241",21,2013,0.000470682935595992
"242",24,2013,0
"243",25,2013,0
"244",26,2013,0
"245",28,2013,0
"246",29,2013,0
"247",30,2013,0
"248",31,2013,0
"249",32,2013,0
"250",33,2013,0
"251",34,2013,0
"252",35,2013,0
"253",36,2013,0
"254",37,2013,0.00000216428651490577
"255",38,2013,0
"256",39,2013,0
"257",40,2013,0
"258",41,2013,0.0000150937895130787
"259",42,2013,0
"260",43,2013,0
"261",44,2013,0.00154654601598413
"262",45,2013,0
"263",46,2013,0
"264",47,2013,0.000000275292771706001
"265",48,2013,0.0000105088820955123
"266",49,2013,0
"267",50,2013,0
"268",51,2013,0
"269",52,2013,0.00000314076710570079
"270",53,2013,0
"271",54,2013,0.000030459658557975
"272",55,2013,0.0000121409665181896
"273",56,2013,0
"274",57,2013,0.000028039426748443
"275",58,2013,0.000289057693974068
"276",59,2013,0.0657589747698616
"277",60,2013,0.0103937322152724
"278",61,2013,0.00653212475535195
"279",62,2013,0.00072084999952406
"280",63,2013,0.000197716082548846
"281",64,2013,0.00204792779554639
"282",65,2013,0.0013504380673132
"283",66,2013,0.000080457209214358
"284",67,2013,0.000751310478014371
"285",68,2013,0.0107737035886022
"286",69,2013,0.000164606834548205
"287",70,2013,0.0000549348937067214
"288",71,2013,0.000885744300136448
"289",72,2013,0.00010922566147376
"290",73,2013,0.000415981944970828
"291",74,2013,0.00000892244494934079
"292",75,2013,0.000179504823814815
"293",76,2013,0.00677991052481507
"294",77,2013,0.00000756849126700918
"295",78,2013,0.00000938661605282641
"296",79,2013,0.0233135430535555
"297",80,2013,0.00961628067918193
"298",81,2013,0.00627249915697863
"299",82,2013,0.000516693805871348
"300",84,2013,0.00000647741369522275
"301",85,2013,0
"302",86,2013,0
"303",88,2013,0
"304",89,2013,0.000423577034499896
"305",90,2013,0
"306",91,2013,0
"307",92,2013,0.0085435465850939
"308",93,2013,0.0000711965898628255
"309",94,2013,0.000789367280340061
"310",95,2013,0.00596226833016814
"311",96,2013,0.000299098621627532
"312",97,2013,0.0000351211175587256
"313",98,2013,0.000020398035354299
"314",99,2013,0
"315",100,2013,0.00125444353383566
"316",101,2013,0.000158141627621807
"317",102,2013,0.000167438863417417
"318",103,2013,0
"319",104,2013,0.00210283616226072
"320",105,2013,0
"321",106,2013,0.00139198733542838
"322",107,2013,0
"323",108,2013,0
"324",110,2013,0.00000689195984779989
"325",111,2013,0
"326",112,2013,0
"327",113,2013,0
"328",114,2013,0
"329",115,2013,0
"330",116,2013,0
"331",117,2013,0
"332",118,2013,0
"333",119,2013,0
"334",120,2013,0
"335",121,2013,0
"336",122,2013,0
"337",123,2013,0
"338",124,2013,0
"339",125,2013,0
"340",126,2013,0
"341",127,2013,0
"342",129,2013,0.000000408100766806102
"343",130,2013,0
"344",131,2013,0
"345",132,2013,0
"346",133,2013,0
"347",134,2013,0
"348",135,2013,0
"349",136,2013,0
"350",137,2013,0
"351",138,2013,0.0000170944324626995
"352",139,2013,0
"353",140,2013,0
"354",141,2013,0.00764479823304435
"355",143,2013,0.0135713420024951
"356",144,2013,0.0161400659509202
"357",145,2013,0.00130952589199202
"358",146,2013,0
"359",147,2013,0
"360",148,2013,0
"361",149,2013,0
"362",150,2013,0
"363",151,2013,0
"364",152,2013,0
"365",153,2013,0
"366",154,2013,0
"367",155,2013,0
"368",156,2013,0
"369",157,2013,0
"370",158,2013,0
"371",159,2013,0
"372",161,2013,0
"373",162,2013,0.00193389095734005
"374",163,2013,0.000395911983048415
"375",164,2013,0
"376",166,2013,0
"377",167,2013,0
"378",168,2013,0.00000314768169754805
"379",169,2013,0.00435076087181407
"380",171,2013,0.00000413467205849138
"381",172,2013,0.00248520266470986
"382",173,2013,0.00840977410385364
"383",174,2013,0.0000393418887981895
"384",175,2013,0.0128144087903628
"385",176,2013,0.0116266432643413
"386",177,2013,0.0251369481253868
"387",178,2013,0.00266110773381639
"388",179,2013,0.0351132909988416
"389",180,2013,0.011135030455177
"390",181,2013,0.0116281227628329
"391",182,2013,0.0344230389906521
"392",183,2013,0.0246033611365443
"393",184,2013,0.0252690793755909
"394",185,2013,0
"395",186,2013,0.00100232764830385
"396",187,2013,0.00552829644363208
"397",188,2013,0.000347306519934761
"398",189,2013,0.00178613490044082
"399",190,2013,0
"400",191,2013,0.000203341185706273
"401",192,2013,0
"402",193,2013,0.000665572344808685
"403",194,2013,0.00267642018258747
"404",195,2013,0.0000608682773442573
"405",196,2013,0
"406",197,2013,0
"407",198,2013,0.00130082234015757
"408",199,2013,0.000235330399079584
"409",200,2013,0.000880613868413593
"410",202,2013,0
"411",203,2013,0
"412",204,2013,0
"413",205,2013,0
"414",206,2013,0
"415",207,2013,0.00000032956040555587
"416",208,2013,0.00368337462496139
"417",209,2013,0.0282423716612065
"418",210,2013,0.000158579327530808
"419",212,2013,0
"420",214,2013,0.0000010875870155059
"421",215,2013,0
"422",216,2013,0.0000460817213552497
"423",218,2013,0.000169189255873865
"424",219,2013,0.00000389352066772039
"425",220,2013,0
"426",221,2013,0
"427",222,2013,0.00283230578089908
"428",223,2013,0.00485968110924073
"429",224,2013,0.000187989674925977
"430",227,2013,0.00900096152641508
"431",228,2013,0.30658818821545
"432",231,2013,0
"433",232,2013,0
"434",237,2013,0
"435",244,2013,0
"436",245,2013,0
"437",247,2013,0
"438",248,2013,0
"439",249,2013,0
"440",250,2013,0
"441",1,2014,0
"442",2,2014,0
"443",3,2014,0
"444",4,2014,0
"445",5,2014,0
"446",6,2014,0
"447",7,2014,0
"448",8,2014,0
"449",9,2014,0
"450",10,2014,0
"451",11,2014,0
"452",12,2014,0
"453",13,2014,0
"454",14,2014,0.00466619789768199
"455",15,2014,0
"456",16,2014,0.0000856684812252043
"457",17,2014,0.00000585624250684015
"458",18,2014,0
"459",19,2014,0
"460",20,2014,0.000665889667050018
"461",21,2014,0.000722347501957123
"462",24,2014,0
"463",25,2014,0.000000728281159592526
"464",26,2014,0
"465",28,2014,0
"466",29,2014,0
"467",30,2014,0
"468",31,2014,0
"469",32,2014,0
"470",33,2014,0
"471",34,2014,0
"472",35,2014,0
"473",36,2014,0
"474",37,2014,0.0000109027249162645
"475",38,2014,0
"476",39,2014,0
"477",40,2014,0.00000115377253753236
"478",41,2014,0.0000752520127391511
"479",42,2014,0.00075349733965692
"480",43,2014,0
"481",44,2014,0.00166849879576119
"482",45,2014,0
"483",46,2014,0
"484",47,2014,0.00000202870364285123
"485",48,2014,0.0000666922512474308
"486",49,2014,0
"487",50,2014,0.00000903959912961968
"488",51,2014,0
"489",52,2014,0
"490",53,2014,0
"491",54,2014,0.0000671509100884049
"492",55,2014,0.0000320969655994181
"493",56,2014,0.00000667995104093089
"494",57,2014,0.000033324089109017
"495",58,2014,0.000274367712960915
"496",59,2014,0.0960281889840882
"497",60,2014,0.0107819577508876
"498",61,2014,0.00931242104552196
"499",62,2014,0.00237799686008958
"500",63,2014,0.00290743909696201
"501",64,2014,0.0048786212376879
"502",65,2014,0.0164373005166067
"503",66,2014,0.000790999907928646
"504",67,2014,0.000796390984702756
"505",68,2014,0.0116697149753861
"506",69,2014,0.00020003848228966
"507",70,2014,0.0000239909408997217
"508",71,2014,0.00331954588098451
"509",72,2014,0.000141407994858232
"510",73,2014,0.000374222515937547
"511",74,2014,0.000856215252581248
"512",75,2014,0.000129103213845341
"513",76,2014,0.00838421259349195
"514",77,2014,0.00128833467884742
"515",78,2014,0.0000405193428636989
"516",79,2014,0.0459576136196883
"517",80,2014,0.0177374375638571
"518",81,2014,0.00175387017936767
"519",82,2014,0.000953416954247978
"520",84,2014,0
"521",85,2014,0
"522",86,2014,0
"523",88,2014,0
"524",89,2014,0.000381095719508302
"525",90,2014,0
"526",91,2014,0
"527",92,2014,0.0102943714953695
"528",93,2014,0.000000277282358454614
"529",94,2014,0.00138337475639153
"530",95,2014,0.00708829937662775
"531",96,2014,0.000574259438959344
"532",97,2014,0
"533",98,2014,0
"534",99,2014,0
"535",100,2014,0
"536",101,2014,0.00024697704328243
"537",102,2014,0.000323217825987908
"538",103,2014,0
"539",104,2014,0.000690836711641167
"540",105,2014,0
"541",106,2014,0.00467235014120242
"542",107,2014,0
"543",108,2014,0
"544",110,2014,0.00000503742264966212
"545",111,2014,0.00000565724234874804
"546",112,2014,0
"547",113,2014,0
"548",114,2014,0
"549",115,2014,0
"550",116,2014,0
"551",117,2014,0
"552",118,2014,0
"553",119,2014,0
"554",120,2014,0
"555",121,2014,0
"556",122,2014,0
"557",123,2014,0
"558",124,2014,0
"559",125,2014,0
"560",126,2014,0
"561",127,2014,0
"562",129,2014,0.00000802017035428644
"563",130,2014,0
"564",131,2014,0
"565",132,2014,0
"566",133,2014,0
"567",134,2014,0
"568",135,2014,0.00000214403343075483
"569",136,2014,0
"570",137,2014,0
"571",138,2014,0.00000286707339056825
"572",139,2014,0
"573",140,2014,0
"574",141,2014,0.0144893324638449
"575",143,2014,0.00925923112853658
"576",144,2014,0.0100322843660969
"577",145,2014,0.00177943271057044
"578",146,2014,0
"579",147,2014,0
"580",148,2014,0
"581",149,2014,0
"582",150,2014,0
"583",151,2014,0
"584",152,2014,0
"585",153,2014,0
"586",154,2014,0
"587",155,2014,0
"588",156,2014,0
"589",157,2014,0
"590",158,2014,0
"591",159,2014,0
"592",161,2014,0
"593",162,2014,0.00204835826783487
"594",163,2014,0.000455804014910157
"595",164,2014,0
"596",166,2014,0
"597",167,2014,0
"598",168,2014,0.000000191575287152445
"599",169,2014,0.00584633757021814
"600",171,2014,0.0000289486493890055
"601",172,2014,0.0026914157257644
"602",173,2014,0.0101126039294628
"603",174,2014,0.0000293577184200108
"604",175,2014,0.0154374629381751
"605",176,2014,0.0143811745137642
"606",177,2014,0.0382722897315652
"607",178,2014,0.00470615349691521
"608",179,2014,0.0372111061626078
"609",180,2014,0.0132094312061427
"610",181,2014,0.0107032778013101
"611",182,2014,0.0423405784643316
"612",183,2014,0.0250317917100254
"613",184,2014,0.0566323647135094
"614",185,2014,0
"615",186,2014,0.00085113949168339
"616",187,2014,0.0131280081197051
"617",188,2014,0.0172101770378978
"618",189,2014,0.00206976762518557
"619",190,2014,0.000249874244252246
"620",191,2014,0.000390892524934881
"621",192,2014,0
"622",193,2014,0.00138941717717097
"623",194,2014,0.000278646312218643
"624",195,2014,0.0018767325355558
"625",196,2014,0
"626",197,2014,0
"627",198,2014,0.0015006611536554
"628",199,2014,0.000133961522393483
"629",200,2014,0.000780051653797616
"630",202,2014,0
"631",203,2014,0.0000132600110779792
"632",204,2014,0
"633",205,2014,0
"634",206,2014,0.0000000113002564988967
"635",207,2014,0.00000284247654995003
"636",208,2014,0.00518396624403527
"637",209,2014,0.0379664149626555
"638",210,2014,0.000157585972891818
"639",212,2014,0
"640",214,2014,0.000000151327490562341
"641",215,2014,0
"642",216,2014,0.000075678796469873
"643",218,2014,0.000164501460264663
"644",219,2014,0.00000319571530670093
"645",220,2014,0
"646",221,2014,0
"647",222,2014,0.00378069108156241
"648",223,2014,0.00516386114111499
"649",224,2014,0.000158001560591294
"650",227,2014,0.0116949363102035
"651",228,2014,0.1994433230389
"652",231,2014,0
"653",232,2014,0
"654",237,2014,0
"655",244,2014,0
"656",245,2014,0
"657",247,2014,0
"658",248,2014,0
"659",249,2014,0
"660",250,2014,0
"661",1,2015,0
"662",2,2015,0
"663",3,2015,0
"664",4,2015,0
"665",5,2015,0
"666",6,2015,0
"667",7,2015,0
"668",8,2015,0
"669",9,2015,0
"670",10,2015,0
"671",11,2015,0.000000386904746370349
"672",12,2015,0
"673",13,2015,0.00000333922662440578
"674",14,2015,0.0104980136220654
"675",15,2015,0
"676",16,2015,0.000120386557128249
"677",17,2015,0
"678",18,2015,0
"679",19,2015,0.00000660335733359524
"680",20,2015,0.00137945221828537
"681",21,2015,0.000303664626408172
"682",24,2015,0
"683",25,2015,0
"684",26,2015,0
"685",28,2015,0
"686",29,2015,0
"687",30,2015,0
"688",31,2015,0.0000000690270014005463
"689",32,2015,0.000347525103260108
"690",33,2015,0
"691",34,2015,0
"692",35,2015,0
"693",36,2015,0
"694",37,2015,0.000000013003092726845
"695",38,2015,0
"696",39,2015,0
"697",40,2015,0
"698",41,2015,0.00034220403550393
"699",42,2015,0.0000287943524158148
"700",43,2015,0
"701",44,2015,0
"702",45,2015,0
"703",46,2015,0
"704",47,2015,0
"705",48,2015,0.0000241536684541541
"706",49,2015,0
"707",50,2015,0
"708",51,2015,0
"709",52,2015,0
"710",53,2015,0
"711",54,2015,0.00000989230595041363
"712",55,2015,0
"713",56,2015,0
"714",57,2015,0.0000783766719085902
"715",58,2015,0.000188023095385068
"716",59,2015,0.0907916546966749
"717",60,2015,0.00451490096413305
"718",61,2015,0.00756071321067021
"719",62,2015,0.00187206686646556
"720",63,2015,0.000809934443209096
"721",64,2015,0.00138878087930715
"722",65,2015,0.00928422534804888
"723",66,2015,0.00787489956180093
"724",67,2015,0.000565205667893722
"725",68,2015,0.00885629986229303
"726",69,2015,0.000386748837316425
"727",70,2015,0.000111818212053697
"728",71,2015,0.00587269901644055
"729",72,2015,0.000298893002590935
"730",73,2015,0.000439172746194719
"731",74,2015,0.000877794304618122
"732",75,2015,0.00110730679436262
"733",76,2015,0.00983289969681593
"734",77,2015,0.000206437637748618
"735",78,2015,0.0000162231732939699
"736",79,2015,0.0593087030554447
"737",80,2015,0.0172742753265341
"738",81,2015,0.00364846474142864
"739",82,2015,0.00133076922655545
"740",84,2015,0
"741",85,2015,0
"742",86,2015,0
"743",88,2015,0.00247227145590979
"744",89,2015,0.000423025753692928
"745",90,2015,0
"746",91,2015,0
"747",92,2015,0.0126972147733483
"748",93,2015,0.00000719417915121031
"749",94,2015,0
"750",95,2015,0.00629001208997458
"751",96,2015,0.00147863091470155
"752",97,2015,0.000291209890176224
"753",98,2015,0
"754",99,2015,0
"755",100,2015,0.00106186074030264
"756",101,2015,0.000561328888822279
"757",102,2015,0.00106625930839825
"758",103,2015,0
"759",104,2015,0.000358789500657079
"760",105,2015,0
"761",106,2015,0.00491300179909571
"762",107,2015,0
"763",108,2015,0
"764",110,2015,0
"765",111,2015,0
"766",112,2015,0
"767",113,2015,0
"768",114,2015,0
"769",115,2015,0
"770",116,2015,0
"771",117,2015,0
"772",118,2015,0
"773",119,2015,0
"774",120,2015,0
"775",121,2015,0
"776",122,2015,0
"777",123,2015,0
"778",124,2015,0
"779",125,2015,0
"780",126,2015,0
"781",127,2015,0
"782",129,2015,0.000000893042343992747
"783",130,2015,0
"784",131,2015,0
"785",132,2015,0
"786",133,2015,0
"787",134,2015,0
"788",135,2015,0
"789",136,2015,0
"790",137,2015,0
"791",138,2015,0.00000237299325281183
"792",139,2015,0.000000000000000163533812597923
"793",140,2015,0
"794",141,2015,0.0150935273011719
"795",143,2015,0.0123380683171565
"796",144,2015,0.00387074715613085
"797",145,2015,0.00146228344785737
"798",146,2015,0
"799",147,2015,0
"800",148,2015,0
"801",149,2015,0
"802",150,2015,0
"803",151,2015,0
"804",152,2015,0
"805",153,2015,0
"806",154,2015,0
"807",155,2015,0
"808",156,2015,0
"809",157,2015,0
"810",158,2015,0
"811",159,2015,0
"812",161,2015,0
"813",162,2015,0.00211082029044817
"814",163,2015,0.000505941050123292
"815",164,2015,0
"816",166,2015,0
"817",167,2015,0
"818",168,2015,0
"819",169,2015,0.00444782289613022
"820",171,2015,0.000144938701169962
"821",172,2015,0.00267478984203176
"822",173,2015,0.00823914200770449
"823",174,2015,0.00033219577043295
"824",175,2015,0.0128838591004235
"825",176,2015,0.0228224782420368
"826",177,2015,0.0420059035830917
"827",178,2015,0.00605903928504019
"828",179,2015,0.0396288369891122
"829",180,2015,0.0133629254756535
"830",181,2015,0.00972926212909062
"831",182,2015,0.0644767652107814
"832",183,2015,0.0304924003332292
"833",184,2015,0.07056112666462
"834",185,2015,0
"835",186,2015,0.00295360680164958
"836",187,2015,0.0194804158351802
"837",188,2015,0.078284478072891
"838",189,2015,0.00100203886357389
"839",190,2015,0.000227895115583636
"840",191,2015,0.000255185645675937
"841",192,2015,0
"842",193,2015,0.00717287919881186
"843",194,2015,0.000579084533002205
"844",195,2015,0.00737665539799758
"845",196,2015,0
"846",197,2015,0.000820739577286916
"847",198,2015,0.00206837740300148
"848",199,2015,0.000665537903530311
"849",200,2015,0.00180942627903484
"850",202,2015,0
"851",203,2015,0.0000544678227162485
"852",204,2015,0
"853",205,2015,0.00000687282818233529
"854",206,2015,0.000444285833407347
"855",207,2015,0.00001115871953623
"856",208,2015,0.00615342971789493
"857",209,2015,0.0380507643969631
"858",210,2015,0.000133314820676474
"859",212,2015,0.0000912136785842926
"860",214,2015,0.0000258074597325399
"861",215,2015,0
"862",216,2015,0.000002984222166775
"863",218,2015,0.000189532928303302
"864",219,2015,0.0000314443291827336
"865",220,2015,0
"866",221,2015,0
"867",222,2015,0.00324302470383901
"868",223,2015,0.00528194981671431
"869",224,2015,0.000176771041356335
"870",227,2015,0.0152341045892957
"871",228,2015,0.243800754654698
"872",231,2015,0
"873",232,2015,0
"874",237,2015,0
"875",244,2015,0
"876",245,2015,0
"877",247,2015,0
"878",248,2015,0
"879",249,2015,0
"880",250,2015,0
"881",1,2016,0
"882",2,2016,0
"883",3,2016,0
"884",4,2016,0
"885",5,2016,0
"886",6,2016,0
"887",7,2016,0
"888",8,2016,0
"889",9,2016,0
"890",10,2016,0
"891",11,2016,0
"892",12,2016,0
"893",13,2016,0
"894",14,2016,0.0130530769186118
"895",15,2016,0
"896",16,2016,0.000187370213339408
"897",17,2016,0
"898",18,2016,0
"899",19,2016,0
"900",20,2016,0.000927219021211394
"901",21,2016,0.00146119905992902
"902",24,2016,0
"903",25,2016,0.0000172279524336948
"904",26,2016,0
"905",28,2016,0
"906",29,2016,0
"907",30,2016,0
"908",31,2016,0
"909",32,2016,0.000141402557632583
"910",33,2016,0
"911",34,2016,0
"912",35,2016,0
"913",36,2016,0
"914",37,2016,0
"915",38,2016,0
"916",39,2016,0
"917",40,2016,0.000000440385799333377
"918",41,2016,0.0026482564532213
"919",42,2016,0.000473465742985441
"920",43,2016,0.00073967080857197
"921",44,2016,0
"922",45,2016,0
"923",46,2016,0
"924",47,2016,0
"925",48,2016,0.0000142833740239578
"926",49,2016,0
"927",50,2016,0.00000253406381548398
"928",51,2016,0
"929",52,2016,0
"930",53,2016,0
"931",54,2016,0.0000217836819226684
"932",55,2016,0.00028228801278086
"933",56,2016,0.0000155650293274145
"934",57,2016,0.0000485497640813086
"935",58,2016,0.000449550295201989
"936",59,2016,0.0776803700039457
"937",60,2016,0.00488643841453635
"938",61,2016,0.00844945166676728
"939",62,2016,0.00594554418071191
"940",63,2016,0.000722294766930689
"941",64,2016,0.00343794311495352
"942",65,2016,0.00014265582209136
"943",66,2016,0.0094605123583837
"944",67,2016,0.000616031143107005
"945",68,2016,0.0128452718199901
"946",69,2016,0.000318629068815068
"947",70,2016,0.000234475030764237
"948",71,2016,0.00463024719475161
"949",72,2016,0.000347250745998202
"950",73,2016,0.000540034700748809
"951",74,2016,0.000410837438449616
"952",75,2016,0.00107183476814425
"953",76,2016,0.0127128928970129
"954",77,2016,0.00100844547260889
"955",78,2016,0.000000107811772594546
"956",79,2016,0.0346043470646312
"957",80,2016,0.018725822622705
"958",81,2016,0.00958026659279692
"959",82,2016,0.00185757626676445
"960",84,2016,0.00000126026486154775
"961",85,2016,0
"962",86,2016,0
"963",88,2016,0.00259322216207093
"964",89,2016,0.000523738812748871
"965",90,2016,0
"966",91,2016,0
"967",92,2016,0.0239497525816943
"968",93,2016,0
"969",94,2016,0
"970",95,2016,0.00534708859442312
"971",96,2016,0.00329779603926389
"972",97,2016,0
"973",98,2016,0
"974",99,2016,0
"975",100,2016,0.0252384281742602
"976",101,2016,0.000526084951746418
"977",102,2016,0.00355373583098486
"978",103,2016,0
"979",104,2016,0.00115777255507842
"980",105,2016,0
"981",106,2016,0.00580719853288494
"982",107,2016,0
"983",108,2016,0
"984",110,2016,0
"985",111,2016,0
"986",112,2016,0
"987",113,2016,0
"988",114,2016,0
"989",115,2016,0
"990",116,2016,0
"991",117,2016,0
"992",118,2016,0
"993",119,2016,0
"994",120,2016,0
"995",121,2016,0
"996",122,2016,0
"997",123,2016,0
"998",124,2016,0
"999",125,2016,0
"1000",126,2016,0
"1001",127,2016,0
"1002",129,2016,0.0000395081407505467
"1003",130,2016,0
"1004",131,2016,0
"1005",132,2016,0.00000792011940545077
"1006",133,2016,0
"1007",134,2016,0
"1008",135,2016,0
"1009",136,2016,0
"1010",137,2016,0
"1011",138,2016,0.000000237870292769321
"1012",139,2016,0.0000000416253457656936
"1013",140,2016,0
"1014",141,2016,0.0135293993593558
"1015",143,2016,0.00874846128362412
"1016",144,2016,0.000396392226234197
"1017",145,2016,0.00127903856295405
"1018",146,2016,0
"1019",147,2016,0.00000212081317976041
"1020",148,2016,0
"1021",149,2016,0
"1022",150,2016,0
"1023",151,2016,0
"1024",152,2016,0
"1025",153,2016,0
"1026",154,2016,0
"1027",155,2016,0
"1028",156,2016,0
"1029",157,2016,0
"1030",158,2016,0
"1031",159,2016,0
"1032",161,2016,0
"1033",162,2016,0.00264476774304349
"1034",163,2016,0.00117143393768086
"1035",164,2016,0
"1036",166,2016,0
"1037",167,2016,0
"1038",168,2016,0
"1039",169,2016,0.00524320730934168
"1040",171,2016,0.000288528568082877
"1041",172,2016,0.00283703343398165
"1042",173,2016,0.0064829980512346
"1043",174,2016,0.000530745453453374
"1044",175,2016,0.0137957180855237
"1045",176,2016,0.0229518030932129
"1046",177,2016,0.0405173179975186
"1047",178,2016,0.00535682798436119
"1048",179,2016,0.0440710431178468
"1049",180,2016,0.0140840525884834
"1050",181,2016,0.0120858201424972
"1051",182,2016,0.0577748213625978
"1052",183,2016,0.0290055163685203
"1053",184,2016,0.0745890405546411
"1054",185,2016,0
"1055",186,2016,0.00285869421179993
"1056",187,2016,0.0166693275323546
"1057",188,2016,0.0984368689747149
"1058",189,2016,0.00225152991020689
"1059",190,2016,0.000459109311689515
"1060",191,2016,0.000705992810990029
"1061",192,2016,0
"1062",193,2016,0.0179096499810111
"1063",194,2016,0.000884296869318829
"1064",195,2016,0.0115593897279614
"1065",196,2016,0
"1066",197,2016,0.00314394324840735
"1067",198,2016,0.000397965640314327
"1068",199,2016,0.00437909132007997
"1069",200,2016,0.00817291333281715
"1070",202,2016,0
"1071",203,2016,0.0000203610033184121
"1072",204,2016,0
"1073",205,2016,0
"1074",206,2016,0.00042531892842988
"1075",207,2016,0.0000127275979102145
"1076",208,2016,0.0000239618197823703
"1077",209,2016,0.046696635763692
"1078",210,2016,0.000543271523764168
"1079",212,2016,0
"1080",214,2016,0.00000205050288655522
"1081",215,2016,0
"1082",216,2016,0
"1083",218,2016,0.00020237383717271
"1084",219,2016,0.00000277820035721493
"1085",220,2016,0
"1086",221,2016,0
"1087",222,2016,0.00370521559152688
"1088",223,2016,0.00561504255785441
"1089",224,2016,0.000242976291455271
"1090",227,2016,0.0195954567676432
"1091",228,2016,0.217495749026737
"1092",231,2016,0
"1093",232,2016,0
"1094",237,2016,0
"1095",244,2016,0
"1096",245,2016,0
"1097",247,2016,0.000101500986303108
"1098",248,2016,0
"1099",249,2016,0
"1100",250,2016,0
"1101",1,2017,0
"1102",2,2017,0.000340994722182852
"1103",3,2017,0
"1104",4,2017,0
"1105",5,2017,0
"1106",6,2017,0
"1107",7,2017,0
"1108",8,2017,0
"1109",9,2017,0
"1110",10,2017,0
"1111",11,2017,0.00000126002017495029
"1112",12,2017,0
"1113",13,2017,0
"1114",14,2017,0.0138969371476508
"1115",15,2017,0
"1116",16,2017,0.000288919770696374
"1117",17,2017,0
"1118",18,2017,0
"1119",19,2017,0
"1120",20,2017,0.000961790749597289
"1121",21,2017,0.000440790054377994
"1122",24,2017,0.000000383524175587781
"1123",25,2017,0.000253349636687987
"1124",26,2017,0
"1125",28,2017,0
"1126",29,2017,0
"1127",30,2017,0
"1128",31,2017,0
"1129",32,2017,0.0000119391773494591
"1130",33,2017,0
"1131",34,2017,0.000426106694477064
"1132",35,2017,0
"1133",36,2017,0
"1134",37,2017,0.000000603667363375676
"1135",38,2017,0
"1136",39,2017,0
"1137",40,2017,0.0000102389934296894
"1138",41,2017,0.00459828019377636
"1139",42,2017,0.00029736427867475
"1140",43,2017,0.000401987794782327
"1141",44,2017,0.00101555522187181
"1142",45,2017,0
"1143",46,2017,0
"1144",47,2017,0
"1145",48,2017,0.000059119442907343
"1146",49,2017,0.0000126706359372754
"1147",50,2017,0.0000653124966909913
"1148",51,2017,0
"1149",52,2017,0.0013131321556043
"1150",53,2017,0
"1151",54,2017,0.00000786680861636367
"1152",55,2017,0.0000525576838459335
"1153",56,2017,0.0000179891590172789
"1154",57,2017,0.000125072760442692
"1155",58,2017,0.000195714558091651
"1156",59,2017,0.102168258691464
"1157",60,2017,0.0101038797004567
"1158",61,2017,0.0100143997331798
"1159",62,2017,0.00471144513551533
"1160",63,2017,0.00584081294857624
"1161",64,2017,0.00480182127382235
"1162",65,2017,0.0177033215257274
"1163",66,2017,0.0213067805680935
"1164",67,2017,0.00105857664212553
"1165",68,2017,0.0231242512201871
"1166",69,2017,0.000554701630924348
"1167",70,2017,0.000380296510036149
"1168",71,2017,0.00327422685650169
"1169",72,2017,0.000817455550408225
"1170",73,2017,0.000815652909486369
"1171",74,2017,0.000307739837900362
"1172",75,2017,0.000706563204195803
"1173",76,2017,0.0126833275583045
"1174",77,2017,0.00377875814906805
"1175",78,2017,0.00000034927649283543
"1176",79,2017,0.03917819606322
"1177",80,2017,0.021411715430226
"1178",81,2017,0.00630096327593715
"1179",82,2017,0.00305464138742296
"1180",84,2017,0
"1181",85,2017,0
"1182",86,2017,0
"1183",88,2017,0.0018450229155354
"1184",89,2017,0.000641118973283854
"1185",90,2017,0
"1186",91,2017,0
"1187",92,2017,0.0251051997004999
"1188",93,2017,0.0000925749803154784
"1189",94,2017,0
"1190",95,2017,0.00526183180055809
"1191",96,2017,0.00397584606930164
"1192",97,2017,0.00000830460790730247
"1193",98,2017,0.0242029282773338
"1194",99,2017,0
"1195",100,2017,0.0293601140689919
"1196",101,2017,0.000338579150692093
"1197",102,2017,0.00232003318495601
"1198",103,2017,0
"1199",104,2017,0.00174527500539176
"1200",105,2017,0
"1201",106,2017,0.0023896561922503
"1202",107,2017,0
"1203",108,2017,0
"1204",110,2017,0
"1205",111,2017,0
"1206",112,2017,0
"1207",113,2017,0
"1208",114,2017,0
"1209",115,2017,0
"1210",116,2017,0
"1211",117,2017,0.0000332718634973542
"1212",118,2017,0.0000239772811649161
"1213",119,2017,0
"1214",120,2017,0.0000642394268335501
"1215",121,2017,0.00000942625534389184
"1216",122,2017,0.0000963438650522814
"1217",123,2017,0.000329651325430377
"1218",124,2017,0
"1219",125,2017,0
"1220",126,2017,0
"1221",127,2017,0
"1222",129,2017,0.000037314537002835
"1223",130,2017,0
"1224",131,2017,0
"1225",132,2017,0
"1226",133,2017,0
"1227",134,2017,0
"1228",135,2017,0.0000179526530921976
"1229",136,2017,0
"1230",137,2017,0
"1231",138,2017,0.000000178904816187391
"1232",139,2017,0
"1233",140,2017,0.000233836625661714
"1234",141,2017,0.0126331634602569
"1235",143,2017,0.00885172227740335
"1236",144,2017,0.000540014434703002
"1237",145,2017,0.00139974451372724
"1238",146,2017,0
"1239",147,2017,0
"1240",148,2017,0
"1241",149,2017,0
"1242",150,2017,0
"1243",151,2017,0
"1244",152,2017,0
"1245",153,2017,0.000253333032724977
"1246",154,2017,0
"1247",155,2017,0
"1248",156,2017,0
"1249",157,2017,0
"1250",158,2017,0
"1251",159,2017,0
"1252",161,2017,0
"1253",162,2017,0.00305329347775462
"1254",163,2017,0.00176897214682021
"1255",164,2017,0
"1256",166,2017,0
"1257",167,2017,0
"1258",168,2017,0
"1259",169,2017,0.00402509453027808
"1260",171,2017,0.000973539981405695
"1261",172,2017,0.00332905811718868
"1262",173,2017,0.00828192607482499
"1263",174,2017,0.000453681822440318
"1264",175,2017,0.0145387251930221
"1265",176,2017,0.0216910040937082
"1266",177,2017,0.043247652644888
"1267",178,2017,0.00556062447833587
"1268",179,2017,0.0489328410250262
"1269",180,2017,0.0133524694011244
"1270",181,2017,0.00880561858476832
"1271",182,2017,0.0630673853453648
"1272",183,2017,0.0345046100997826
"1273",184,2017,0.0728965035993729
"1274",185,2017,0
"1275",186,2017,0.00343557480396714
"1276",187,2017,0.0157087411163423
"1277",188,2017,0.0936359764165315
"1278",189,2017,0.00225996208156278
"1279",190,2017,0.000377249638718377
"1280",191,2017,0.00161615349407035
"1281",192,2017,0
"1282",193,2017,0.0167391283282229
"1283",194,2017,0.000642271806535365
"1284",195,2017,0.00952864693273047
"1285",196,2017,1
"1286",197,2017,0.00259605651678405
"1287",198,2017,0.000221363012489522
"1288",199,2017,0.01105710435682
"1289",200,2017,0.00980815549848536
"1290",202,2017,0
"1291",203,2017,0.000360478726363454
"1292",204,2017,0
"1293",205,2017,0
"1294",206,2017,0.000840151278348936
"1295",207,2017,0.000156410250635635
"1296",208,2017,0.00437561322509237
"1297",209,2017,0.0541705375159728
"1298",210,2017,0.00181108485922431
"1299",212,2017,0
"1300",214,2017,0.0000124095890903568
"1301",215,2017,0
"1302",216,2017,0.0000000457581670426789
"1303",218,2017,0.000271378427376538
"1304",219,2017,0.000010072579832281
"1305",220,2017,0.00268532524257992
"1306",221,2017,0.0000344213911198887
"1307",222,2017,0.00415493298086267
"1308",223,2017,0.00453791955965563
"1309",224,2017,0.000204773711565233
"1310",227,2017,0.0103188460157343
"1311",228,2017,0.201272460258127
"1312",231,2017,0
"1313",232,2017,0
"1314",237,2017,0
"1315",244,2017,0
"1316",245,2017,0
"1317",247,2017,0.000202273357068963
"1318",248,2017,0
"1319",249,2017,0
"1320",250,2017,0
"1321",1,2018,0
"1322",2,2018,0
"1323",3,2018,0
"1324",4,2018,0
"1325",5,2018,0
"1326",6,2018,0
"1327",7,2018,0
"1328",8,2018,0.0858722635249426
"1329",9,2018,0
"1330",10,2018,0
"1331",11,2018,0
"1332",12,2018,0
"1333",13,2018,0
"1334",14,2018,0.0131997665849177
"1335",15,2018,0
"1336",16,2018,0.000407706522483084
"1337",17,2018,0.000000604469100264434
"1338",18,2018,0
"1339",19,2018,0
"1340",20,2018,0.00266652799515633
"1341",21,2018,0.000776598949329591
"1342",24,2018,0
"1343",25,2018,0.000614770918061749
"1344",26,2018,0
"1345",28,2018,0
"1346",29,2018,0
"1347",30,2018,0
"1348",31,2018,0
"1349",32,2018,0.00000131517612337112
"1350",33,2018,0
"1351",34,2018,0.0000408569254832671
"1352",35,2018,0
"1353",36,2018,0
"1354",37,2018,0.0000328640185822065
"1355",38,2018,0
"1356",39,2018,0
"1357",40,2018,0
"1358",41,2018,0.00526134264024174
"1359",42,2018,0.00143554769207716
"1360",43,2018,0.00017826380724944
"1361",44,2018,0
"1362",45,2018,0
"1363",46,2018,0
"1364",47,2018,0
"1365",48,2018,0.0000219516931863471
"1366",49,2018,0.000000226671935593093
"1367",50,2018,0.00070714780089449
"1368",51,2018,0
"1369",52,2018,0.000280134366967618
"1370",53,2018,0
"1371",54,2018,0.0000113231916362785
"1372",55,2018,0.0000543860152948443
"1373",56,2018,0.000058994541627272
"1374",57,2018,0.000239062067163452
"1375",58,2018,0.000156676864937217
"1376",59,2018,0.104279214534862
"1377",60,2018,0.00968638692694803
"1378",61,2018,0.00741789158764849
"1379",62,2018,0.00530251375205813
"1380",63,2018,0.00516051884334069
"1381",64,2018,0.0104604377170075
"1382",65,2018,0.0320230194237358
"1383",66,2018,0.0199077988684699
"1384",67,2018,0.00052124526149272
"1385",68,2018,0.0206943826827139
"1386",69,2018,0.000573107656063069
"1387",70,2018,0.000373628016182187
"1388",71,2018,0.00476919086048531
"1389",72,2018,0.000476871714544906
"1390",73,2018,0.000859692797270576
"1391",74,2018,0.000988629960859932
"1392",75,2018,0.00093190841317988
"1393",76,2018,0.0133680112580704
"1394",77,2018,0.00113475927873833
"1395",78,2018,0
"1396",79,2018,0.0320771644494129
"1397",80,2018,0.0213920603197405
"1398",81,2018,0.0047391352505038
"1399",82,2018,0.00613727323710476
"1400",84,2018,0.0000171519752394302
"1401",85,2018,0
"1402",86,2018,0
"1403",88,2018,0.000914794006005565
"1404",89,2018,0.00045944775551266
"1405",90,2018,0
"1406",91,2018,0
"1407",92,2018,0.0747255790364973
"1408",93,2018,0
"1409",94,2018,0
"1410",95,2018,0.00515000095436244
"1411",96,2018,0.00304274874674255
"1412",97,2018,0.000464726347199734
"1413",98,2018,0.0377119707798887
"1414",99,2018,0
"1415",100,2018,0.0239562534424543
"1416",101,2018,0.000427448781222289
"1417",102,2018,0.00233086901832669
"1418",103,2018,0
"1419",104,2018,0.00495273372713814
"1420",105,2018,0
"1421",106,2018,0.00279506415233118
"1422",107,2018,0
"1423",108,2018,0
"1424",110,2018,0
"1425",111,2018,0
"1426",112,2018,0
"1427",113,2018,0
"1428",114,2018,0
"1429",115,2018,0
"1430",116,2018,0
"1431",117,2018,0
"1432",118,2018,0
"1433",119,2018,0
"1434",120,2018,0
"1435",121,2018,0
"1436",122,2018,0
"1437",123,2018,0
"1438",124,2018,0
"1439",125,2018,0
"1440",126,2018,0
"1441",127,2018,0
"1442",129,2018,0.0000177081266773477
"1443",130,2018,0.000014109966586544
"1444",131,2018,0
"1445",132,2018,0
"1446",133,2018,0.00000239357357652549
"1447",134,2018,0
"1448",135,2018,0.0000184667293340604
"1449",136,2018,0
"1450",137,2018,0
"1451",138,2018,0.00000339589252410902
"1452",139,2018,0.0000000375925134198019
"1453",140,2018,0
"1454",141,2018,0.0127946447794612
"1455",143,2018,0.0104854331953323
"1456",144,2018,0.000227815966827261
"1457",145,2018,0.0014042901354982
"1458",146,2018,0
"1459",147,2018,0.00000367112790496454
"1460",148,2018,0
"1461",149,2018,0
"1462",150,2018,0
"1463",151,2018,0
"1464",152,2018,0
"1465",153,2018,0.000395153869881286
"1466",154,2018,0
"1467",155,2018,0
"1468",156,2018,0
"1469",157,2018,0
"1470",158,2018,0
"1471",159,2018,0
"1472",161,2018,0
"1473",162,2018,0.00312153231657363
"1474",163,2018,0.00208433901826417
"1475",164,2018,0
"1476",166,2018,0
"1477",167,2018,0
"1478",168,2018,0.000296699833903201
"1479",169,2018,0.00356448576102383
"1480",171,2018,0.00217489595155018
"1481",172,2018,0.00369341258325642
"1482",173,2018,0.00837230668606775
"1483",174,2018,0.000419812042565785
"1484",175,2018,0.0154270844699004
"1485",176,2018,0.0256994671862851
"1486",177,2018,0.036793192605513
"1487",178,2018,0.00629893718277776
"1488",179,2018,0.0470502420801164
"1489",180,2018,0.0137300075644609
"1490",181,2018,0.00984691127579491
"1491",182,2018,0.0643015513635497
"1492",183,2018,0.0347672272763235
"1493",184,2018,0.0694381997469532
"1494",185,2018,0
"1495",186,2018,0.00671351778719883
"1496",187,2018,0.0137069407504446
"1497",188,2018,0.0971165891334847
"1498",189,2018,0.00246877984086419
"1499",190,2018,0.00106239910523688
"1500",191,2018,0.00169113082496899
"1501",192,2018,0
"1502",193,2018,0.00865085966261048
"1503",194,2018,0.00195490744906082
"1504",195,2018,0.00313806528919003
"1505",196,2018,1
"1506",197,2018,0.00327101624586602
"1507",198,2018,0.000288307064657943
"1508",199,2018,0.00801196195373566
"1509",200,2018,0.0118433992453536
"1510",202,2018,0
"1511",203,2018,0.000569888395214258
"1512",204,2018,0
"1513",205,2018,0
"1514",206,2018,0.00192129681547178
"1515",207,2018,0.000257370620883193
"1516",208,2018,0.0122160439686671
"1517",209,2018,0.0580315902311846
"1518",210,2018,0.00226944333261336
"1519",212,2018,0
"1520",214,2018,0
"1521",215,2018,0
"1522",216,2018,0.0000000891067497159875
"1523",218,2018,0.000372491955735004
"1524",219,2018,0.000729974709040696
"1525",220,2018,0
"1526",221,2018,0
"1527",222,2018,0.00461315814706171
"1528",223,2018,0.00454315502412857
"1529",224,2018,0.000220749956095386
"1530",227,2018,0.0135982932934884
"1531",228,2018,0.324852896853446
"1532",231,2018,0
"1533",232,2018,0
"1534",237,2018,0
"1535",244,2018,0
"1536",245,2018,0
"1537",247,2018,0.000422468448158968
"1538",248,2018,0
"1539",249,2018,0
"1540",250,2018,0
"1541",1,2019,0
"1542",2,2019,0
"1543",3,2019,0
"1544",4,2019,0
"1545",5,2019,0
"1546",6,2019,0
"1547",7,2019,0
"1548",8,2019,0.0197345962364443
"1549",9,2019,0
"1550",10,2019,0
"1551",11,2019,0
"1552",12,2019,0
"1553",13,2019,0
"1554",14,2019,0.0154580903383824
"1555",15,2019,0
"1556",16,2019,0.000462519050577027
"1557",17,2019,0.000000617106936703194
"1558",18,2019,0
"1559",19,2019,0
"1560",20,2019,0.00475401911909905
"1561",21,2019,0.00175842570275151
"1562",24,2019,0
"1563",25,2019,0.000765004658246015
"1564",26,2019,0
"1565",28,2019,0
"1566",29,2019,0
"1567",30,2019,0
"1568",31,2019,0.00000311008066213862
"1569",32,2019,0.000165090392525491
"1570",33,2019,0
"1571",34,2019,0.000295454441239934
"1572",35,2019,0
"1573",36,2019,0
"1574",37,2019,0.0000819687912962389
"1575",38,2019,0
"1576",39,2019,0
"1577",40,2019,0.0000146867463298715
"1578",41,2019,0.00462919018074612
"1579",42,2019,0.00492128831313026
"1580",43,2019,0.000383668704684044
"1581",44,2019,0
"1582",45,2019,0
"1583",46,2019,0
"1584",47,2019,0
"1585",48,2019,0.00000829374384484605
"1586",49,2019,0
"1587",50,2019,0.00149770747520087
"1588",51,2019,0.000422549089518611
"1589",52,2019,0.00120975138683017
"1590",53,2019,0
"1591",54,2019,0.0000663533919863186
"1592",55,2019,0.0000289333643877206
"1593",56,2019,0.0000222823593607819
"1594",57,2019,0.0000106583508086437
"1595",58,2019,0.000220554342448998
"1596",59,2019,0.0826000878682551
"1597",60,2019,0.003485073299304
"1598",61,2019,0.00602626683575009
"1599",62,2019,0.00597945098123282
"1600",63,2019,0.0065059562567903
"1601",64,2019,0.00701794213119839
"1602",65,2019,0.0124971595893664
"1603",66,2019,0.0257924868516698
"1604",67,2019,0.000822587464475164
"1605",68,2019,0.0222791651815308
"1606",69,2019,0.000414178768929566
"1607",70,2019,0.000386295236632361
"1608",71,2019,0.0102266200225353
"1609",72,2019,0.000526255561653214
"1610",73,2019,0.00089964559264647
"1611",74,2019,0.00115399341012209
"1612",75,2019,0.00166693671573886
"1613",76,2019,0.0136795182753975
"1614",77,2019,0.00380394644710668
"1615",78,2019,0
"1616",79,2019,0.0236850591476054
"1617",80,2019,0.0212093039897597
"1618",81,2019,0.00235018305755416
"1619",82,2019,0.0120420056728743
"1620",84,2019,0
"1621",85,2019,0
"1622",86,2019,0
"1623",88,2019,0.00610759135132336
"1624",89,2019,0.000472956127471673
"1625",90,2019,0
"1626",91,2019,0
"1627",92,2019,0.0482361064215847
"1628",93,2019,0
"1629",94,2019,0
"1630",95,2019,0.00553957906488337
"1631",96,2019,0.00210475448866999
"1632",97,2019,0.00478596434133224
"1633",98,2019,0.0400756010161955
"1634",99,2019,0
"1635",100,2019,0.0232294567975492
"1636",101,2019,0.000538449295140144
"1637",102,2019,0.00252504618936146
"1638",103,2019,0
"1639",104,2019,0.00270000418239417
"1640",105,2019,0
"1641",106,2019,0.00193362823438418
"1642",107,2019,0
"1643",108,2019,0
"1644",110,2019,0
"1645",111,2019,0
"1646",112,2019,0
"1647",113,2019,0
"1648",114,2019,0
"1649",115,2019,0
"1650",116,2019,0
"1651",117,2019,0
"1652",118,2019,0
"1653",119,2019,0
"1654",120,2019,0
"1655",121,2019,0
"1656",122,2019,0
"1657",123,2019,0
"1658",124,2019,0
"1659",125,2019,0
"1660",126,2019,0
"1661",127,2019,0
"1662",129,2019,0
"1663",130,2019,0.000137767905994321
"1664",131,2019,0
"1665",132,2019,0.00022568102168322
"1666",133,2019,0
"1667",134,2019,0
"1668",135,2019,0.0000205268971699081
"1669",136,2019,0
"1670",137,2019,0
"1671",138,2019,0.0000112692013503145
"1672",139,2019,0.000208011592019375
"1673",140,2019,0
"1674",141,2019,0.0116749668008705
"1675",143,2019,0.00928383314994463
"1676",144,2019,0.000149905124889923
"1677",145,2019,0.00157469693808979
"1678",146,2019,0
"1679",147,2019,0
"1680",148,2019,0
"1681",149,2019,0
"1682",150,2019,0
"1683",151,2019,0
"1684",152,2019,0
"1685",153,2019,0
"1686",154,2019,0
"1687",155,2019,0
"1688",156,2019,0
"1689",157,2019,0
"1690",158,2019,0
"1691",159,2019,0
"1692",161,2019,0
"1693",162,2019,0.00347225056769361
"1694",163,2019,0.00207318558412979
"1695",164,2019,0
"1696",166,2019,0
"1697",167,2019,0
"1698",168,2019,0.000223820316707684
"1699",169,2019,0.00351438409297901
"1700",171,2019,0.00274615238197425
"1701",172,2019,0.00398544543182371
"1702",173,2019,0.00814239153984327
"1703",174,2019,0.000374747616443932
"1704",175,2019,0.0157285372531241
"1705",176,2019,0.0142814106214858
"1706",177,2019,0.0332364677254466
"1707",178,2019,0.00539357166987186
"1708",179,2019,0.0479433628189082
"1709",180,2019,0.0141754353918921
"1710",181,2019,0.00984415259504106
"1711",182,2019,0.0668666301227779
"1712",183,2019,0.0314636554015669
"1713",184,2019,0.0692640649534991
"1714",185,2019,0
"1715",186,2019,0.0139216566784095
"1716",187,2019,0.0142468259450607
"1717",188,2019,0.1168876939145
"1718",189,2019,0.000913038052951465
"1719",190,2019,0.000376578731747247
"1720",191,2019,0.00056194181519723
"1721",192,2019,0
"1722",193,2019,0.0191452173409344
"1723",194,2019,0.00319038015179663
"1724",195,2019,0.00783484706312389
"1725",196,2019,1
"1726",197,2019,0.0255765355258121
"1727",198,2019,0.00146313528330918
"1728",199,2019,0.0110414342567566
"1729",200,2019,0.00909694269148057
"1730",202,2019,0
"1731",203,2019,0.00103415901305065
"1732",204,2019,0.00000321002547278452
"1733",205,2019,0.000000963236534876368
"1734",206,2019,0.00264580428083297
"1735",207,2019,0.000917487243037459
"1736",208,2019,0.0108326727406082
"1737",209,2019,0.0673415774910985
"1738",210,2019,0.00260974979097205
"1739",212,2019,0
"1740",214,2019,0.00000756866899431668
"1741",215,2019,0
"1742",216,2019,0.00000046988979796255
"1743",218,2019,0.000446823817164986
"1744",219,2019,0.000710900986076539
"1745",220,2019,0
"1746",221,2019,0
"1747",222,2019,0.00468484934804367
"1748",223,2019,0.00458922531550602
"1749",224,2019,0.000249843724257972
"1750",227,2019,0.0175471690415849
"1751",228,2019,0.283372814997566
"1752",231,2019,0
"1753",232,2019,0
"1754",237,2019,0
"1755",244,2019,0
"1756",245,2019,0
"1757",247,2019,0.0000363538675045418
"1758",248,2019,0
"1759",249,2019,0
"1760",250,2019,0
"1761",1,2020,0.000131191990946004
"1762",2,2020,0
"1763",3,2020,0
"1764",4,2020,0.000320019328536537
"1765",5,2020,0
"1766",6,2020,0
"1767",7,2020,0
"1768",8,2020,0
"1769",9,2020,0
"1770",10,2020,0
"1771",11,2020,0
"1772",12,2020,0
"1773",13,2020,0
"1774",14,2020,0.0180541610492782
"1775",15,2020,0
"1776",16,2020,0.00043980137818225
"1777",17,2020,0
"1778",18,2020,0
"1779",19,2020,0
"1780",20,2020,0.00493055207247592
"1781",21,2020,0.000959964868714883
"1782",24,2020,0
"1783",25,2020,0.000670403525275878
"1784",26,2020,0
"1785",28,2020,0
"1786",29,2020,0
"1787",30,2020,0
"1788",31,2020,0.0000103556633112223
"1789",32,2020,0.000770165878067324
"1790",33,2020,0
"1791",34,2020,0
"1792",35,2020,0
"1793",36,2020,0
"1794",37,2020,0.000104453647688006
"1795",38,2020,0
"1796",39,2020,0
"1797",40,2020,0.0000451838028646789
"1798",41,2020,0.00399361943776971
"1799",42,2020,0.00506573606592764
"1800",43,2020,0
"1801",44,2020,0
"1802",45,2020,0.000000796489861528499
"1803",46,2020,0
"1804",47,2020,0.00000062998358730938
"1805",48,2020,0.000359004822512114
"1806",49,2020,0.00000619872163725003
"1807",50,2020,0.00184520850531792
"1808",51,2020,0.00171845743678463
"1809",52,2020,0.00294774911956977
"1810",53,2020,0.00000852181657443308
"1811",54,2020,0.0000333867001025979
"1812",55,2020,0.000142176696090067
"1813",56,2020,0.0000383862107393421
"1814",57,2020,0.0000338305490389819
"1815",58,2020,0.000628569309130304
"1816",59,2020,0.0762300219702317
"1817",60,2020,0.00611545453527642
"1818",61,2020,0.00638638557321841
"1819",62,2020,0.00588637103770835
"1820",63,2020,0.00624808159717321
"1821",64,2020,0.0137477014074454
"1822",65,2020,0.010848648441756
"1823",66,2020,0.032389379463311
"1824",67,2020,0.000591715239129811
"1825",68,2020,0.0182410709533583
"1826",69,2020,0.000463240357115779
"1827",70,2020,0.000357479644796515
"1828",71,2020,0.0103759942794177
"1829",72,2020,0.00140754365563509
"1830",73,2020,0.000977245260074641
"1831",74,2020,0.00083438115226075
"1832",75,2020,0.00206602274553413
"1833",76,2020,0.00971364106107424
"1834",77,2020,0.00530963250861062
"1835",78,2020,0
"1836",79,2020,0.0159566611893195
"1837",80,2020,0.0220205883482337
"1838",81,2020,0.0113632663409041
"1839",82,2020,0.0151190642559962
"1840",84,2020,0.00000703354835331691
"1841",85,2020,0
"1842",86,2020,0
"1843",88,2020,0.00461412015072657
"1844",89,2020,0.000451666397671398
"1845",90,2020,0
"1846",91,2020,0
"1847",92,2020,0.0934249673891667
"1848",93,2020,0
"1849",94,2020,0
"1850",95,2020,0.00563704466320042
"1851",96,2020,0.000760267983390646
"1852",97,2020,0.00589593096183713
"1853",98,2020,0.0411961531627559
"1854",99,2020,0
"1855",100,2020,0.0197937922202131
"1856",101,2020,0.000592093660689949
"1857",102,2020,0.00283077790852482
"1858",103,2020,0
"1859",104,2020,0.000155436481836329
"1860",105,2020,0
"1861",106,2020,0.00339854679312197
"1862",107,2020,0
"1863",108,2020,0
"1864",110,2020,0
"1865",111,2020,0
"1866",112,2020,0
"1867",113,2020,0
"1868",114,2020,0
"1869",115,2020,0
"1870",116,2020,0
"1871",117,2020,0
"1872",118,2020,0
"1873",119,2020,0
"1874",120,2020,0
"1875",121,2020,0
"1876",122,2020,0
"1877",123,2020,0
"1878",124,2020,0
"1879",125,2020,0
"1880",126,2020,0
"1881",127,2020,0
"1882",129,2020,0.000025568236560376
"1883",130,2020,0
"1884",131,2020,0
"1885",132,2020,0.000116756020502373
"1886",133,2020,0
"1887",134,2020,0
"1888",135,2020,0.0000092905187799787
"1889",136,2020,0
"1890",137,2020,0
"1891",138,2020,0
"1892",139,2020,0.00013230112673729
"1893",140,2020,0
"1894",141,2020,0.0096965235818246
"1895",143,2020,0.00907204641175158
"1896",144,2020,0.0000543879612386262
"1897",145,2020,0.0017950473484992
"1898",146,2020,0
"1899",147,2020,0
"1900",148,2020,0
"1901",149,2020,0
"1902",150,2020,0
"1903",151,2020,0
"1904",152,2020,0
"1905",153,2020,0
"1906",154,2020,0
"1907",155,2020,0
"1908",156,2020,0
"1909",157,2020,0
"1910",158,2020,0
"1911",159,2020,0
"1912",161,2020,0
"1913",162,2020,0.00364976974583334
"1914",163,2020,0.00315767566410993
"1915",164,2020,0
"1916",166,2020,0
"1917",167,2020,0.0000129818727783052
"1918",168,2020,0.000459480738582004
"1919",169,2020,0.00255338268767213
"1920",171,2020,0.00317546492645991
"1921",172,2020,0.00340550290666773
"1922",173,2020,0.00695661933463927
"1923",174,2020,0.000285548956696452
"1924",175,2020,0.0165994683060305
"1925",176,2020,0.0194801128443477
"1926",177,2020,0.0378887686266014
"1927",178,2020,0.00503074257606447
"1928",179,2020,0.042375957636434
"1929",180,2020,0.0112080404617021
"1930",181,2020,0.00853454546960655
"1931",182,2020,0.0615805161771755
"1932",183,2020,0.0316280574389666
"1933",184,2020,0.0671935131552349
"1934",185,2020,0
"1935",186,2020,0.011165839917781
"1936",187,2020,0.012878167937001
"1937",188,2020,0.1284231840162
"1938",189,2020,0.00258710238611276
"1939",190,2020,0.000198284407339332
"1940",191,2020,0.000662317731743266
"1941",192,2020,0.0000243875963430842
"1942",193,2020,0.0212770948357363
"1943",194,2020,0.00282678775476191
"1944",195,2020,0.00644897879003951
"1945",196,2020,1
"1946",197,2020,0.0451242095344315
"1947",198,2020,0.102148360400594
"1948",199,2020,0.0178448170256852
"1949",200,2020,0.00882109320031848
"1950",202,2020,0.000130946111599013
"1951",203,2020,0.000699222381541356
"1952",204,2020,0
"1953",205,2020,0.0000128622617062588
"1954",206,2020,0.00260862937155878
"1955",207,2020,0.00130351453339407
"1956",208,2020,0.00891170783977207
"1957",209,2020,0.0650454452053963
"1958",210,2020,0.00298783445925517
"1959",212,2020,0
"1960",214,2020,0.0000101412181447028
"1961",215,2020,0
"1962",216,2020,0.0000793271863618895
"1963",218,2020,0.000489322070320629
"1964",219,2020,0.00081274653129456
"1965",220,2020,0
"1966",221,2020,0
"1967",222,2020,0.00415563369248305
"1968",223,2020,0.00477177587810853
"1969",224,2020,0.000188713274139854
"1970",227,2020,0.013671708468644
"1971",228,2020,0.218249232379251
"1972",231,2020,0
"1973",232,2020,0
"1974",237,2020,0
"1975",244,2020,0
"1976",245,2020,0
"1977",247,2020,0.00000423984513376426
"1978",248,2020,0
"1979",249,2020,0
"1980",250,2020,0
