"rgn_id","year","score"
1,2001,1
1,2002,1
1,2003,0.9951415253743
1,2004,0.975648009734045
1,2005,0.966905536401306
1,2006,0.958910270110796
1,2007,0.937004247663374
1,2008,0.942700794360479
1,2009,0.963045051945584
1,2010,0.977483772490325
1,2011,1
1,2012,0.979885708191566
1,2013,0.916550347164888
1,2014,0.795293643316222
1,2015,0.66160698981494
1,2016,0.518855588765904
1,2017,0.441992151488593
2,2001,0.891966835109724
2,2002,0.876088102935197
2,2003,0.819661493724682
2,2004,0.771453263467092
2,2005,0.732015297872335
2,2006,0.695570123496393
2,2007,0.651650082938733
2,2008,0.71987734076608
2,2009,0.738250405779731
2,2010,0.75352558661528
2,2011,0.775858658336708
2,2012,0.766758882088355
2,2013,0.727171276077672
2,2014,0.795172247836103
2,2015,0.548419679896166
2,2016,0.454797397476323
2,2017,0.41188568146626
3,2001,0.850828068871848
3,2002,0.849870282059813
3,2003,0.845193560368043
3,2004,0.83680602115845
3,2005,0.828216364033566
3,2006,0.821953015521461
3,2007,0.817937263896187
3,2008,0.820278005178019
3,2009,0.824665698088275
3,2010,0.823980086926126
3,2011,0.822743343204666
3,2012,0.808328696655257
3,2013,0.79124978815266
3,2014,0.77457975247161
3,2015,0.757663417939235
3,2016,0.748245094216342
3,2017,0.739254467271856
4,2001,0.850828068871848
4,2002,0.849870282059813
4,2003,0.845193560368043
4,2004,0.836806021158449
4,2005,0.828216364033566
4,2006,0.821953015521461
4,2007,0.817937263896187
4,2008,0.820278005178019
4,2009,0.824665698088275
4,2010,0.823980086926125
4,2011,0.822743343204666
4,2012,0.808328696655257
4,2013,0.79124978815266
4,2014,0.77457975247161
4,2015,0.757663417939235
4,2016,0.748245094216341
4,2017,0.739254467271855
5,2001,0.3327583
5,2002,0.3331564
5,2003,0.3216133
5,2004,0.3160408
5,2005,0.296139
5,2006,0.2515589
5,2007,0.2328512
5,2008,0.230065
5,2009,0.2061828
5,2010,0.1962319
5,2011,0.1886692
5,2012,0.1783202
5,2013,0.1332632
5,2014,0.1400636
5,2015,0.1449505
5,2016,0.156991
5,2017,0.1037016
6,2001,0.850828068871848
6,2002,0.849870282059813
6,2003,0.845193560368043
6,2004,0.836806021158449
6,2005,0.828216364033566
6,2006,0.821953015521461
6,2007,0.817937263896187
6,2008,0.820278005178019
6,2009,0.824665698088275
6,2010,0.823980086926126
6,2011,0.822743343204666
6,2012,0.808328696655257
6,2013,0.79124978815266
6,2014,0.77457975247161
6,2015,0.757663417939235
6,2016,0.748245094216342
6,2017,0.739254467271856
7,2001,0.350610159704476
7,2002,0.354449585444147
7,2003,0.340611149166617
7,2004,0.330502073958768
7,2005,0.307367048137579
7,2006,0.261223609885986
7,2007,0.240754503986247
7,2008,0.236699056362713
7,2009,0.21379191817514
7,2010,0.204166288751389
7,2011,0.196788394535614
7,2012,0.186752517434623
7,2013,0.143334294092105
7,2014,0.149936507119813
7,2015,0.154847035873856
7,2016,0.166791229627879
7,2017,0.115916260179902
8,2001,0.63964372440776
8,2002,0.691006837557728
8,2003,0.64184329743433
8,2004,0.561762830823561
8,2005,0.489145413364261
8,2006,0.4198638027083
8,2007,0.37249695158552
8,2008,0.348808964583877
8,2009,0.341200839193326
8,2010,0.336346902276641
8,2011,0.482125632013143
8,2012,0.477555429702165
8,2013,0.46317853749501
8,2014,0.46532023463765
8,2015,0.468848823515537
8,2016,0.476394451646521
8,2017,0.465746424825693
9,2001,0.850828068871848
9,2002,0.850787419501032
9,2003,0.800241946488134
9,2004,0.71487903716805
9,2005,0.644853679993172
9,2006,0.589929482567313
9,2007,0.544998228569938
9,2008,0.518911033393323
9,2009,0.516745158224183
9,2010,0.508199236454761
9,2011,0.747960112181801
9,2012,0.740166857161921
9,2013,0.733635901622133
9,2014,0.727607028032303
9,2015,0.72407098653285
9,2016,0.722879552866725
9,2017,0.725072974357043
10,2001,0.850828068871848
10,2002,0.850787419501032
10,2003,0.800241946488134
10,2004,0.71487903716805
10,2005,0.644853679993172
10,2006,0.589929482567313
10,2007,0.544998228569938
10,2008,0.518911033393323
10,2009,0.516745158224183
10,2010,0.508199236454761
10,2011,0.496280270292125
10,2012,0.480704893132022
10,2013,0.467652311702495
10,2014,0.455603176934975
10,2015,0.448536145268839
10,2016,0.44615497993243
10,2017,0.450538689549994
11,2001,0.3327583
11,2002,0.415400925391657
11,2003,0.3976608790404
11,2004,0.379410768738641
11,2005,0.351545017554334
11,2006,0.305321381229531
11,2007,0.282447115333469
11,2008,0.275958704265629
11,2009,0.255526932778756
11,2010,0.245799264701508
11,2011,0.30595009275971
11,2012,0.296117862393191
11,2013,0.259170850928921
11,2014,0.263246938012661
11,2015,0.266346433261778
11,2016,0.27559161555677
11,2017,0.234015178189472
12,2001,0.850828068871848
12,2002,0.849870282059813
12,2003,0.845193560368043
12,2004,0.836806021158449
12,2005,0.828216364033566
12,2006,0.821953015521461
12,2007,0.817937263896187
12,2008,0.820278005178019
12,2009,0.824665698088275
12,2010,0.823980086926126
12,2011,1
12,2012,1
12,2013,1
12,2014,1
12,2015,1
12,2016,1
12,2017,1
13,2001,0.850828068871848
13,2002,0.849870282059813
13,2003,0.845193560368043
13,2004,0.83680602115845
13,2005,0.828216364033566
13,2006,0.821953015521461
13,2007,0.817937263896187
13,2008,0.820278005178019
13,2009,0.824665698088275
13,2010,0.823980086926126
13,2011,1
13,2012,1
13,2013,1
13,2014,1
13,2015,1
13,2016,1
13,2017,1
14,2001,0.694496756271842
14,2002,0.696117112147228
14,2003,0.695060633174147
14,2004,0.692803524252901
14,2005,0.691412790199501
14,2006,0.698931656362923
14,2007,0.650598688247428
14,2008,0.662109584903048
14,2009,0.653564203208391
14,2010,0.619006306794995
14,2011,0.631867291646962
14,2012,0.622121730975067
14,2013,0.607540100593786
14,2014,0.603314465741058
14,2015,0.601634902383825
14,2016,0.603111016982937
14,2017,0.601403082694717
15,2001,0.891655804983333
15,2002,0.886590623309791
15,2003,0.86890702020634
15,2004,0.840536132635593
15,2005,0.815460463004515
15,2006,0.793386378772496
15,2007,0.778980681787845
15,2008,0.773436963822492
15,2009,0.775130077958715
15,2010,0.777648536551791
15,2011,0.794087562221774
15,2012,0.791697339904488
15,2013,0.781302904084292
15,2014,0.776928753817218
15,2015,0.744279395119764
15,2016,0.711129328429524
15,2017,0.684817894684468
16,2001,0.801849476064676
16,2002,0.790176918380862
16,2003,0.766013544073943
16,2004,0.731033305879089
16,2005,0.696692926892897
16,2006,0.663782966969495
16,2007,0.637801363396962
16,2008,0.627423819371589
16,2009,0.624604524809418
16,2010,0.626036427328737
16,2011,0.629535728125188
16,2012,0.628947887318823
16,2013,0.613427655794564
16,2014,0.617467693822143
16,2015,0.579746857927919
16,2016,0.559306261433372
16,2017,0.543002799017745
17,2001,0.895522403692183
17,2002,0.885727149082579
17,2003,0.861062946472426
17,2004,0.823509175442894
17,2005,0.78955288479685
17,2006,0.759029848125222
17,2007,0.739741935737937
17,2008,0.733521857190419
17,2009,0.735654129188014
17,2010,0.739733987845931
17,2011,0.74475145792952
17,2012,0.740012451005915
17,2013,0.721256005550669
17,2014,0.70127869215656
17,2015,0.629212775068114
17,2016,0.55666440549254
17,2017,0.513565533988565
18,2001,1
18,2002,0.9826877
18,2003,0.8874565
18,2004,0.7186817
18,2005,0.576977
18,2006,0.4621959
18,2007,0.3762507
18,2008,0.3285989
18,2009,0.3360775
18,2010,0.3413409
18,2011,0.3466158
18,2012,0.3562674
18,2013,0.3675755
18,2014,0.3797508
18,2015,0.3955553
18,2016,0.4144904
18,2017,0.4356817
19,2001,0.850828068871848
19,2002,0.850787419501032
19,2003,0.800241946488134
19,2004,0.71487903716805
19,2005,0.644853679993172
19,2006,0.589929482567313
19,2007,0.544998228569938
19,2008,0.518911033393323
19,2009,0.516745158224183
19,2010,0.508199236454761
19,2011,0.496280270292125
19,2012,0.480704893132022
19,2013,0.467652311702495
19,2014,0.455603176934975
19,2015,0.448536145268839
19,2016,0.44615497993243
19,2017,0.450538689549994
20,2001,0.735349188344018
20,2002,0.73109509560568
20,2003,0.725436305652068
20,2004,0.718017367787415
20,2005,0.711826198166528
20,2006,0.704790607563467
20,2007,0.658775642130803
20,2008,0.671871455753476
20,2009,0.660655300043993
20,2010,0.647012463973595
20,2011,0.637024391849368
20,2012,0.624815502069638
20,2013,0.613512151627813
20,2014,0.615838301063967
20,2015,0.617442425766385
20,2016,0.621696534265763
20,2017,0.624428259624945
21,2001,0.768297996197585
21,2002,0.768361654335069
21,2003,0.764727420635292
21,2004,0.758821694849841
21,2005,0.752520564620041
21,2006,0.741004902645999
21,2007,0.683532234525031
21,2008,0.705130874502474
21,2009,0.695614790687189
21,2010,0.68204015872135
21,2011,0.672409207603845
21,2012,0.656786332663407
21,2013,0.639093500657396
21,2014,0.630199834205383
21,2015,0.622574323844089
21,2016,0.61715401870941
21,2017,0.60648900170504
24,2001,1
24,2002,0.992644786870361
24,2003,0.955569636415809
24,2004,0.89803138687003
24,2005,0.848390439719262
24,2006,0.809550424230369
24,2007,0.785285164776775
24,2008,0.780112881502944
24,2009,0.793142329710528
24,2010,0.808316967973262
24,2011,0.825966427916355
24,2012,0.833070416036341
24,2013,0.826254168491938
24,2014,0.818659720455798
24,2015,0.810275032869138
24,2016,0.791780571113943
24,2017,0.784311142842357
25,2001,0.923175157089284
25,2002,0.913659251622925
25,2003,0.897798030541003
25,2004,0.874209096033328
25,2005,0.854509850472749
25,2006,0.839611232735504
25,2007,0.82713805732721
25,2008,0.82212795809802
25,2009,0.822272655146933
25,2010,0.823501174894078
25,2011,0.830360583077891
25,2012,0.831618758488125
25,2013,0.822483740045366
25,2014,0.832211169215355
25,2015,0.785135829116419
25,2016,0.758245487717473
25,2017,0.722372919447099
26,2001,0.921191086514727
26,2002,0.916357508433311
26,2003,0.908689368368902
26,2004,0.88872713461094
26,2005,0.870871504769314
26,2006,0.856356347329483
26,2007,0.835180712975605
26,2008,0.82700813237205
26,2009,0.830420353452096
26,2010,0.834377936074995
26,2011,0.841022917456643
26,2012,0.845082088911142
26,2013,0.838614370267314
26,2014,0.81458692043934
26,2015,0.786735525193982
26,2016,0.758321701047072
26,2017,0.745111312722012
28,2001,0.850828068871848
28,2002,1
28,2003,1
28,2004,1
28,2005,1
28,2006,1
28,2007,1
28,2008,1
28,2009,1
28,2010,1
28,2011,1
28,2012,1
28,2013,1
28,2014,1
28,2015,1
28,2016,1
28,2017,1
29,2001,1
29,2002,1
29,2003,1
29,2004,1
29,2005,1
29,2006,1
29,2007,1
29,2008,1
29,2009,1
29,2010,1
29,2011,1
29,2012,1
29,2013,1
29,2014,1
29,2015,1
29,2016,1
29,2017,1
30,2001,0.850828068871848
30,2002,0.849870282059813
30,2003,0.845193560368043
30,2004,0.836806021158449
30,2005,0.828216364033566
30,2006,0.821953015521461
30,2007,0.817937263896187
30,2008,0.820278005178019
30,2009,0.824665698088275
30,2010,0.823980086926126
30,2011,0.822743343204666
30,2012,0.808328696655257
30,2013,1
30,2014,1
30,2015,1
30,2016,1
30,2017,1
31,2001,1
31,2002,0.997454785457834
31,2003,0.96801817526178
31,2004,0.934966136262575
31,2005,0.900156079652528
31,2006,0.867655257598579
31,2007,0.842530381685346
31,2008,0.821770193957171
31,2009,0.799042510484051
31,2010,0.771912996563515
31,2011,0.735149366505784
31,2012,0.700307139988086
31,2013,0.672139233822458
31,2014,0.769830279084523
31,2015,0.765759307003146
31,2016,0.830440877032127
31,2017,0.840093482725348
32,2001,1
32,2002,0.997424253247583
32,2003,0.967635366163643
32,2004,0.934187708048128
32,2005,0.898967207231037
32,2006,0.866079387842836
32,2007,0.840655342265965
32,2008,0.819647956565504
32,2009,0.796651634706511
32,2010,0.845172176245655
32,2011,0.820216642833595
32,2012,0.796565378074053
32,2013,0.777444711198565
32,2014,0.765042666530729
32,2015,0.760887016773395
32,2016,0.769273419182634
32,2017,0.782408145693322
33,2001,1
33,2002,1
33,2003,1
33,2004,1
33,2005,1
33,2006,1
33,2007,1
33,2008,1
33,2009,1
33,2010,1
33,2011,1
33,2012,1
33,2013,1
33,2014,1
33,2015,1
33,2016,1
33,2017,1
34,2001,1
34,2002,1
34,2003,1
34,2004,1
34,2005,1
34,2006,1
34,2007,1
34,2008,1
34,2009,1
34,2010,1
34,2011,1
34,2012,1
34,2013,1
34,2014,1
34,2015,1
34,2016,1
34,2017,1
35,2001,0.850828068871848
35,2002,0.849870282059813
35,2003,0.845193560368043
35,2004,0.836806021158449
35,2005,0.828216364033566
35,2006,0.821953015521461
35,2007,0.817937263896187
35,2008,0.820278005178019
35,2009,0.824665698088275
35,2010,0.823980086926126
35,2011,0.822743343204666
35,2012,1
35,2013,1
35,2014,1
35,2015,1
35,2016,1
35,2017,1
36,2001,1
36,2002,0.9948811
36,2003,0.9356786
36,2004,0.8692048
36,2005,0.7991953
36,2006,0.7338301
36,2007,0.6832993
36,2008,0.6415467
36,2009,0.5958371
36,2010,0.5412746
36,2011,0.4673361
36,2012,0.3972619
36,2013,0.706811741540747
36,2014,0.690473626652176
36,2015,0.684999087171758
36,2016,0.696033803076158
36,2017,0.713337890238307
37,2001,0.778117088071641
37,2002,0.765502327208873
37,2003,0.740771178922302
37,2004,0.716866967008827
37,2005,0.695655378072316
37,2006,0.680417153778295
37,2007,0.66636339138546
37,2008,0.65243246860995
37,2009,0.634990346910134
37,2010,0.613490790296252
37,2011,0.585915213176224
37,2012,0.563511389891833
37,2013,0.547182529767902
37,2014,0.539062792735816
37,2015,0.539485372052305
37,2016,0.551748511087382
37,2017,0.569841082805022
38,2001,1
38,2002,1
38,2003,1
38,2004,1
38,2005,1
38,2006,1
38,2007,1
38,2008,1
38,2009,1
38,2010,1
38,2011,1
38,2012,1
38,2013,1
38,2014,1
38,2015,1
38,2016,1
38,2017,1
39,2001,1
39,2002,0.99728343671027
39,2003,0.965865097191972
39,2004,0.930587931236624
39,2005,0.893434394806469
39,2006,0.858745554870968
39,2007,0.831929223963806
39,2008,0.80977142044923
39,2009,0.785513665590134
39,2010,0.756567057635985
39,2011,0.717329931004275
39,2012,0.68014348200929
39,2013,0.650089979158554
39,2014,0.630591005525665
39,2015,0.624057332472872
39,2016,0.637226883301337
39,2017,0.657878711349871
40,2001,0.84513380200346
40,2002,0.792851377225076
40,2003,0.740762998721753
40,2004,0.692941381033335
40,2005,0.660159294245244
40,2006,0.636778819791058
40,2007,0.612989637627294
40,2008,0.607137228913122
40,2009,0.613797685912916
40,2010,0.619338573000667
40,2011,0.625866833435112
40,2012,0.633422283613626
40,2013,0.630126868517918
40,2014,0.613212265007549
40,2015,0.598388151481281
40,2016,0.585672950045344
40,2017,0.587572191558361
41,2001,1
41,2002,1
41,2003,1
41,2004,1
41,2005,1
41,2006,1
41,2007,1
41,2008,1
41,2009,1
41,2010,1
41,2011,1
41,2012,1
41,2013,1
41,2014,1
41,2015,1
41,2016,1
41,2017,1
42,2001,1
42,2002,0.998307655739318
42,2003,0.97873489379963
42,2004,0.956758188715792
42,2005,0.933612556558787
42,2006,0.912002362584127
42,2007,0.895296525384901
42,2008,0.881492822727426
42,2009,0.866380908092358
42,2010,0.848342162571157
42,2011,0.823897574832574
42,2012,0.800730552322381
42,2013,0.782001367037031
42,2014,0.769853245111489
42,2015,0.765782679226263
42,2016,0.773987485908957
42,2017,0.786853851587598
43,2001,1
43,2002,1
43,2003,1
43,2004,1
43,2005,1
43,2006,1
43,2007,1
43,2008,1
43,2009,1
43,2010,1
43,2011,1
43,2012,1
43,2013,1
43,2014,1
43,2015,1
43,2016,1
43,2017,1
44,2001,0.934782175552694
44,2002,0.959518491365065
44,2003,0.97513440145154
44,2004,0.989069697426974
44,2005,0.997547608590317
44,2006,1
44,2007,1
44,2008,1
44,2009,1
44,2010,1
44,2011,1
44,2012,1
44,2013,1
44,2014,1
44,2015,1
44,2016,1
44,2017,1
45,2001,0.930070990206362
45,2002,0.957958559184247
45,2003,0.973498631260275
45,2004,0.986995028381445
45,2005,0.988719729176332
45,2006,0.986674496140269
45,2007,0.984144301744795
45,2008,0.982053947125513
45,2009,0.977027709969195
45,2010,0.968758197772029
45,2011,0.960093164793789
45,2012,0.952949011336141
45,2013,0.945790942200792
45,2014,0.934146254595168
45,2015,0.925014254044704
45,2016,0.918278308121892
45,2017,0.914304615307203
46,2001,0.908015792834752
46,2002,0.942862489577396
46,2003,0.965017210021564
46,2004,0.990296680614137
46,2005,0.998156309098025
46,2006,1
46,2007,1
46,2008,1
46,2009,1
46,2010,1
46,2011,1
46,2012,1
46,2013,0.999571397149776
46,2014,0.991344747140698
46,2015,0.983324364846945
46,2016,0.975532087854121
46,2017,0.969588692975165
47,2001,0.900111209694866
47,2002,0.927960293263836
47,2003,0.946005426805092
47,2004,0.958267721216933
47,2005,0.959396477307674
47,2006,0.955010172038917
47,2007,0.948363519108864
47,2008,0.940932200692105
47,2009,0.934732640486164
47,2010,0.925368950301965
47,2011,0.916061666579399
47,2012,0.909326523144799
47,2013,0.902929257609887
47,2014,0.891577977209517
47,2015,0.88289521085579
47,2016,0.877363720948981
47,2017,0.874059310206973
48,2001,0.926128331471442
48,2002,0.953282785170102
48,2003,0.971170635184494
48,2004,0.987708322933431
48,2005,0.993640514733897
48,2006,0.996150132341518
48,2007,0.999350426120826
48,2008,1
48,2009,1
48,2010,1
48,2011,1
48,2012,1
48,2013,0.999717548688101
48,2014,0.99385743336121
48,2015,0.988165428031045
48,2016,0.982635308066965
48,2017,0.976862887115908
49,2001,0.92403993937676
49,2002,0.954623517655537
49,2003,0.974087758644721
49,2004,0.987947684586921
49,2005,0.990126104702481
49,2006,0.986659565183807
49,2007,0.980272269371669
49,2008,0.972767771514241
49,2009,0.965226778152597
49,2010,0.953601578566923
49,2011,0.942092684454394
49,2012,0.9334273500696
49,2013,0.924881873421145
49,2014,0.911610456300123
49,2015,0.90160192166845
49,2016,0.894838655808605
49,2017,0.890568446051101
50,2001,0.899825693221554
50,2002,0.920501290799886
50,2003,0.932769415267271
50,2004,0.941530299186508
50,2005,0.918584696691288
50,2006,0.917355872482161
50,2007,0.91713969694303
50,2008,0.914858141369934
50,2009,0.929900828526472
50,2010,0.922772001243974
50,2011,0.915903221431553
50,2012,0.895213549557
50,2013,0.889819882135309
50,2014,0.880960984774552
50,2015,0.874498135176717
50,2016,0.870397559612156
50,2017,0.867493733933093
51,2001,0.924357838788305
51,2002,0.950456602851542
51,2003,0.966764331578283
51,2004,0.981357662340456
51,2005,0.987725676899319
51,2006,0.991535226093306
51,2007,0.998571770442286
51,2008,1
51,2009,1
51,2010,1
51,2011,1
51,2012,1
51,2013,0.999738931332626
51,2014,0.994320411805686
51,2015,0.98899972958374
51,2016,0.983766513537422
51,2017,0.978412475160802
52,2001,0.911502439122465
52,2002,0.932681608286463
52,2003,0.947384414587982
52,2004,0.957774751126223
52,2005,0.962601837180345
52,2006,0.96483360344807
52,2007,0.969016798843434
52,2008,0.966062014577641
52,2009,0.964663332878692
52,2010,0.963050675944792
52,2011,0.961767312806336
52,2012,0.942599435949407
52,2013,0.941816215640755
52,2014,0.936634362177756
52,2015,0.932354586739534
52,2016,0.929239443582672
52,2017,0.926000874781007
53,2001,0.879723087315731
53,2002,0.888258397201606
53,2003,0.86373536538325
53,2004,0.90305016161227
53,2005,0.869735913117773
53,2006,0.869088634391706
53,2007,0.872404892937014
53,2008,0.869626890976274
53,2009,0.894103967251982
53,2010,0.890984899947237
53,2011,0.888755878879702
53,2012,0.891290659626441
53,2013,0.89073607635177
53,2014,0.885436813266143
53,2015,0.881278496581334
53,2016,0.878708980636311
53,2017,0.877408678707861
54,2001,0.803759496388379
54,2002,0.801629971715373
54,2003,0.806487660869959
54,2004,0.818272449708366
54,2005,0.835220349927299
54,2006,0.833854184288542
54,2007,0.835751048326764
54,2008,0.836924494698431
54,2009,0.840223423443191
54,2010,0.844573580929606
54,2011,0.849619513213231
54,2012,0.85344640775143
54,2013,0.856339552555586
54,2014,0.856670377431346
54,2015,0.856452888127928
54,2016,0.855676274101771
54,2017,0.844217519087267
55,2001,0.664
55,2002,0.718
55,2003,0.704
55,2004,0.646
55,2005,0.614
55,2006,0.63
55,2007,0.659
55,2008,0.794
55,2009,1
55,2010,1
55,2011,0.981193414822412
55,2012,0.879696040156642
55,2013,0.790679172837501
55,2014,0.706148456237135
55,2015,0.63884114753485
55,2016,0.604231695172492
55,2017,0.574132708248163
56,2001,0.949301449849284
56,2002,0.957449431123507
56,2003,0.966460654463949
56,2004,0.95988875567648
56,2005,0.956262880483393
56,2006,0.958075818079937
56,2007,0.942560973216131
56,2008,0.931484370448214
56,2009,0.925684693794359
56,2010,0.899382461677016
56,2011,0.883721575160533
56,2012,0.85762852252979
56,2013,0.824268950061977
56,2014,0.788063785351341
56,2015,0.749361543467054
56,2016,0.720034366129245
56,2017,0.698338113300455
57,2001,0.842352494899928
57,2002,0.866047330054828
57,2003,0.888993589398925
57,2004,0.867026912809425
57,2005,0.885715479356075
57,2006,0.887130716980728
57,2007,0.884629308619804
57,2008,0.89774553036947
57,2009,0.921182727771156
57,2010,0.906284234325673
57,2011,0.91009588576846
57,2012,0.885723993506922
57,2013,0.860264319006401
57,2014,0.834487259100673
57,2015,0.809502435912118
57,2016,0.789890967709784
57,2017,0.770635379172088
58,2001,0.919589760006478
58,2002,0.917530943786439
58,2003,0.92371998672054
58,2004,0.908629752890464
58,2005,0.901761114365299
58,2006,0.916523613738484
58,2007,0.914964002760885
58,2008,0.925385424921338
58,2009,0.943737072713528
58,2010,0.933098557058422
58,2011,0.932592859206738
58,2012,0.914361338185183
58,2013,0.895307369962545
58,2014,0.876012887963577
58,2015,0.857304336474284
58,2016,0.842611999793136
58,2017,0.828186539574413
60,2001,0.791234493464376
60,2002,0.82478609272903
60,2003,0.816087529956713
60,2004,0.780050627042825
60,2005,0.760168197848956
60,2006,0.770109412445891
60,2007,0.788127863902835
60,2008,0.872006862064469
60,2009,1
60,2010,1
60,2011,1
60,2012,1
60,2013,1
60,2014,1
60,2015,1
60,2016,1
60,2017,0.982640708869815
61,2001,0.820065575107364
61,2002,0.816564010281754
61,2003,0.812522446503098
61,2004,0.807452102698911
61,2005,0.804790731067167
61,2006,0.805045221540189
61,2007,0.805948531413845
61,2008,0.810299319915271
61,2009,0.817009451558715
61,2010,0.814075284966471
61,2011,0.80918763817196
61,2012,0.792608787232453
61,2013,0.771642890401892
61,2014,0.741515521361469
61,2015,0.730454932166547
61,2016,0.72277745313046
61,2017,0.714328193652929
62,2001,0.885357191155129
62,2002,0.899791510380571
62,2003,0.893614755462827
62,2004,0.872722892547535
62,2005,0.861662234590587
62,2006,0.84262682945969
62,2007,0.880439307056609
62,2008,0.919801861882555
62,2009,0.948244199725384
62,2010,0.992502210553771
62,2011,0.992352644367052
62,2012,0.992262800402637
62,2013,0.99198559591738
62,2014,0.991677189466555
62,2015,0.991294736597192
62,2016,0.990942753509165
62,2017,0.990440132931405
63,2001,0.913949111417489
63,2002,0.927924343970808
63,2003,0.923411974188743
63,2004,0.915749429865781
63,2005,0.912328100604839
63,2006,0.91354986152147
63,2007,0.913992971634696
63,2008,0.921746248387197
63,2009,0.934114832668774
63,2010,0.928417808721363
63,2011,0.935150965986818
63,2012,0.927812900563686
63,2013,0.920257544803092
63,2014,0.912878601524321
63,2015,0.876328731312165
63,2016,0.860040609001874
63,2017,0.849091353281124
64,2001,0.953177874051143
64,2002,0.951201284400016
64,2003,0.948084412427812
64,2004,0.943370025033603
64,2005,0.941367647048702
64,2006,0.942005223977317
64,2007,0.941821848738922
64,2008,0.945270701099977
64,2009,0.950946299356066
64,2010,0.953727723206941
64,2011,0.942635312464556
64,2012,0.924253730172143
64,2013,0.908856873481671
64,2014,0.897259187615852
64,2015,0.87175345902087
64,2016,0.854068906150915
64,2017,0.844589817550079
65,2001,0.996421015405142
65,2002,0.996996209357887
65,2003,0.996847084999768
65,2004,0.996229284087561
65,2005,0.99588842841186
65,2006,0.99605885624971
65,2007,0.995946139975849
65,2008,0.996792691907394
65,2009,0.998333444004567
65,2010,0.996816468030157
65,2011,0.993007034717291
65,2012,0.986719957793865
65,2013,0.981538111693366
65,2014,0.977303570685942
65,2015,0.921229159020106
65,2016,0.881221348005995
65,2017,0.85656316033397
66,2001,0.984629582125461
66,2002,0.987099827855297
66,2003,0.986459393777192
66,2004,0.983805628027596
66,2005,0.982341729996193
66,2006,0.98307358981461
66,2007,0.982262883074985
66,2008,0.985441073591153
66,2009,0.991552742196009
66,2010,0.985641339167452
66,2011,0.972207810884259
66,2012,0.92785275222761
66,2013,0.891329790915488
66,2014,0.863685650092627
66,2015,0.841731813889533
66,2016,0.824767414796012
66,2017,0.818457685098945
67,2001,0.844453790333456
67,2002,0.839006910570118
67,2003,0.831442424942246
67,2004,0.822908332963863
67,2005,0.818169009616102
67,2006,0.817613945841992
67,2007,0.817869206204732
67,2008,0.822328483758188
67,2009,0.830033497205852
67,2010,0.82517065555361
67,2011,0.818373262639388
67,2012,0.798044126996147
67,2013,0.772280147331506
67,2014,0.749688877511521
67,2015,0.736263124853062
67,2016,0.719636107988408
67,2017,0.700114777393698
68,2001,0.820723218174705
68,2002,0.817583152934286
68,2003,0.815318527552528
68,2004,0.812198781379994
68,2005,0.810596447428938
68,2006,0.810785583769203
68,2007,0.811462704419353
68,2008,0.814509583530689
68,2009,0.81964471646643
68,2010,0.817590090310018
68,2011,0.813849020023942
68,2012,0.789277819633848
68,2013,0.759302159704045
68,2014,0.737411939999207
68,2015,0.725809471892805
68,2016,0.70613892578156
68,2017,0.691701446887102
71,2001,0.764121393517202
71,2002,0.754064132101688
71,2003,0.736656438995467
71,2004,0.708183390661076
71,2005,0.685210662701129
71,2006,0.671816586224144
71,2007,0.738774731030277
71,2008,0.742927672777558
71,2009,0.744045259018269
71,2010,0.726884099476628
71,2011,0.710430856029253
71,2012,0.685130913413565
71,2013,0.658822002057929
71,2014,0.640391738757907
71,2015,0.629542465502787
71,2016,0.626279252852563
71,2017,0.621496056486841
72,2001,0.796927887413229
72,2002,0.789837293263751
72,2003,0.775123971372245
72,2004,0.750246478485903
72,2005,0.730541671144163
72,2006,0.719891426536602
72,2007,0.715722818894553
72,2008,0.731341372333331
72,2009,0.760743953052135
72,2010,0.76330558119315
72,2011,0.76684657974279
72,2012,0.765563227392995
72,2013,0.759541942286332
72,2014,0.754179450321386
72,2015,0.749627765841692
72,2016,0.746182810336804
72,2017,0.730678292143581
73,2001,0.789135417308476
73,2002,0.788777222712122
73,2003,0.782682721623168
73,2004,0.773317485831203
73,2005,0.766869429026538
73,2006,0.760076840276547
73,2007,0.732343058179977
73,2008,0.754786206602805
73,2009,0.76098235718676
73,2010,0.755534096423995
73,2011,0.760538543457738
73,2012,0.758605123944736
73,2013,0.757100529592804
73,2014,0.757363206869644
73,2015,0.73860028824811
73,2016,0.737959380661038
73,2017,0.736943208084747
74,2001,0.686551173695012
74,2002,0.700834403751114
74,2003,0.697800155726291
74,2004,0.679892463000949
74,2005,0.66958465964221
74,2006,0.67316883377197
74,2007,0.68159485798737
74,2008,0.723725616856809
74,2009,0.790742710091534
74,2010,0.791520398916709
74,2011,0.792347206681151
74,2012,0.797352948709926
74,2013,0.801420940688161
74,2014,0.807260607259768
74,2015,0.814874974036353
74,2016,0.822643481831397
74,2017,0.810489105965904
75,2001,0.8114094049518
75,2002,0.808015890836059
75,2003,0.769915682575046
75,2004,0.703821586295201
75,2005,0.65096707922483
75,2006,0.623717173985631
75,2007,0.611920339496451
75,2008,0.657196662784619
75,2009,0.74220010555327
75,2010,0.743074137775221
75,2011,0.745829190619772
75,2012,0.749601079308406
75,2013,0.753986567796967
75,2014,0.762132144428533
75,2015,0.77253985422704
75,2016,0.786251916810749
75,2017,0.790329835339837
76,2001,0.830742599050732
76,2002,0.825221330935437
76,2003,0.816790770420776
76,2004,0.804419401185693
76,2005,0.795033399131845
76,2006,0.790333536957768
76,2007,0.787882719071088
76,2008,0.792533871559402
76,2009,0.802028215616691
76,2010,0.799654912265689
76,2011,0.794956926400492
76,2012,0.775245825537495
76,2013,0.749342668613292
76,2014,0.727041132217374
76,2015,0.711467829145821
76,2016,0.699475754224414
76,2017,0.676334142392213
77,2001,0.889295073851814
77,2002,0.889062225859921
77,2003,0.887934449821887
77,2004,0.884899468733959
77,2005,0.884407516769088
77,2006,0.887667984992681
77,2007,0.890880062648806
77,2008,0.898909280255573
77,2009,0.909559070093587
77,2010,0.907138302863328
77,2011,0.902188001187186
77,2012,0.871595860504485
77,2013,0.834016759793108
77,2014,0.80354519338052
77,2015,0.782876065900692
77,2016,0.763766916761091
77,2017,0.725779083558294
78,2001,0.855060055933163
78,2002,0.859880289771862
78,2003,0.860150387659724
78,2004,0.855981231837953
78,2005,0.855218983728412
78,2006,0.860058079015285
78,2007,0.858424438333608
78,2008,0.872931264772244
78,2009,0.858095573417548
78,2010,0.854325107560992
78,2011,0.845972792716809
78,2012,0.818938931258644
78,2013,0.78512835149714
78,2014,0.755689849127326
78,2015,0.731795664271333
78,2016,0.70855527795122
78,2017,0.672005941012717
79,2001,0.890451689189186
79,2002,0.898106103127553
79,2003,0.904634529401035
79,2004,0.912527685587134
79,2005,0.916193593204072
79,2006,0.925819288723108
79,2007,0.928010084175998
79,2008,0.934660641922611
79,2009,0.919095864973841
79,2010,0.919206714482957
79,2011,0.917935630419083
79,2012,0.904293163268613
79,2013,0.885200035560922
79,2014,0.864555182885582
79,2015,0.853979173200927
79,2016,0.835421611352855
79,2017,0.802013028520998
80,2001,0.808431335083656
80,2002,0.801811525992814
80,2003,0.794669191662753
80,2004,0.784807091656089
80,2005,0.777337847029222
80,2006,0.77321623827586
80,2007,0.770598170329651
80,2008,0.772931034089984
80,2009,0.77889895869275
80,2010,0.781330528190097
80,2011,0.777593375453405
80,2012,0.761867941594232
80,2013,0.741403025378018
80,2014,0.725369808508189
80,2015,0.71617097682817
80,2016,0.708020263216968
80,2017,0.684036051378398
81,2001,0.851329613424442
81,2002,0.853005463434338
81,2003,0.851505568551463
81,2004,0.847639219800991
81,2005,0.847069336618189
81,2006,0.851320727719989
81,2007,0.855276818884518
81,2008,0.865443980645579
81,2009,0.878853086026633
81,2010,0.87520901758388
81,2011,0.868437063464523
81,2012,0.837728832390549
81,2013,0.79891635101152
81,2014,0.744675842126366
81,2015,0.721927275225024
81,2016,0.701944005512936
81,2017,0.66784379289342
82,2001,0.800771986409899
82,2002,0.797037437130947
82,2003,0.792385213776606
82,2004,0.786498757497891
82,2005,0.783412940815398
82,2006,0.783937801092082
82,2007,0.785158316076265
82,2008,0.7905168182958
82,2009,0.798375152934067
82,2010,0.79486935998892
82,2011,0.789072925953525
82,2012,0.769525678351207
82,2013,0.744890391877696
82,2014,0.723922836735253
82,2015,0.709646612831078
82,2016,0.695302668755919
82,2017,0.669471220010474
84,2001,0.931196377128237
84,2002,0.940058980238107
84,2003,0.938104091283936
84,2004,0.928944539519704
84,2005,0.924123851273289
84,2006,0.927204257811939
84,2007,0.932263476177943
84,2008,0.954417215314893
84,2009,0.988076686267332
84,2010,0.987828693935311
84,2011,0.987167615399022
84,2012,0.984858368976486
84,2013,0.982511939688064
84,2014,0.980834343447267
84,2015,0.973198522975927
84,2016,0.974869565980983
84,2017,0.939712746265662
85,2001,0.664
85,2002,0.718
85,2003,0.704
85,2004,0.646
85,2005,0.614
85,2006,0.63
85,2007,0.659
85,2008,0.794
85,2009,1
85,2010,1
85,2011,0.979797506982064
85,2012,0.870766548747946
85,2013,0.77514245625525
85,2014,0.684337496407724
85,2015,0.612034341886382
85,2016,0.574856023063337
85,2017,0.542522956350602
86,2001,0.575856223567626
86,2002,0.607867316173055
86,2003,0.679811933083933
86,2004,0.578729209364249
86,2005,0.655093465377746
86,2006,0.659496523165098
86,2007,0.666676620411516
86,2008,0.695916754145573
86,2009,0.740725444291967
86,2010,0.745438216940425
86,2011,0.751979386738184
86,2012,0.760538053389862
86,2013,0.768683580686755
86,2014,0.77724138734066
86,2015,0.785892093850353
86,2016,0.786836072389723
86,2017,0.787055072060203
88,2001,0.850828068871848
88,2002,0.849870282059813
88,2003,0.845193560368043
88,2004,0.836806021158449
88,2005,0.828216364033566
88,2006,0.821953015521461
88,2007,0.817937263896187
88,2008,0.820278005178019
88,2009,0.824665698088275
88,2010,0.823980086926126
88,2011,0.822743343204666
88,2012,0.808328696655257
88,2013,0.791249788152659
88,2014,0.77457975247161
88,2015,0.757663417939235
88,2016,0.748245094216341
88,2017,0.739254467271855
89,2001,0.850828068871848
89,2002,0.849870282059813
89,2003,0.845193560368043
89,2004,0.836806021158449
89,2005,0.828216364033566
89,2006,0.821953015521461
89,2007,0.817937263896187
89,2008,0.820278005178019
89,2009,0.824665698088275
89,2010,0.823980086926125
89,2011,0.822743343204666
89,2012,0.808328696655257
89,2013,0.791249788152659
89,2014,0.77457975247161
89,2015,0.757663417939235
89,2016,0.748245094216341
89,2017,0.739254467271856
90,2001,1
90,2002,1
90,2003,1
90,2004,1
90,2005,1
90,2006,1
90,2007,1
90,2008,1
90,2009,1
90,2010,1
90,2011,1
90,2012,1
90,2013,1
90,2014,1
90,2015,1
90,2016,1
90,2017,1
91,2001,1
91,2002,1
91,2003,1
91,2004,1
91,2005,1
91,2006,1
91,2007,1
91,2008,1
91,2009,1
91,2010,1
91,2011,1
91,2012,1
91,2013,1
91,2014,1
91,2015,1
91,2016,1
91,2017,1
92,2001,1
92,2002,1
92,2003,1
92,2004,0.984178672309439
92,2005,0.978498751283986
92,2006,0.978051911936767
92,2007,0.98172455409698
92,2008,0.99091283485492
92,2009,1
92,2010,1
92,2011,1
92,2012,1
92,2013,0.987357573236958
92,2014,0.950994103335268
92,2015,0.913773874519702
92,2016,0.875413242245106
92,2017,0.857136065755524
94,2008,0.820278005178019
94,2009,0.824665698088275
94,2010,0.823980086926126
94,2011,0.822743343204666
94,2012,0.808328696655257
94,2013,0.79124978815266
94,2014,0.77457975247161
94,2015,0.757663417939235
94,2016,0.748245094216341
94,2017,0.739254467271856
95,2001,0.574567610439115
95,2002,0.57245602830477
95,2003,0.569557484018896
95,2004,0.712241692239534
95,2005,0.706813916642633
95,2006,0.726337136788344
95,2007,0.715389227299933
95,2008,0.706142026298477
95,2009,0.684484286883565
95,2010,0.653596833436468
95,2011,0.618274885334948
95,2012,0.562488448246593
95,2013,0.49955794755592
95,2014,0.459390443746935
95,2015,0.434761944950471
95,2016,0.435776554194504
95,2017,0.428270391109636
96,2001,0.992391123164474
96,2002,0.98787841735458
96,2003,0.985166057314398
96,2004,0.982652274231114
96,2005,0.981389432342705
96,2006,0.98154310097357
96,2007,0.981686451063316
96,2008,0.982556824787211
96,2009,0.98111698476584
96,2010,0.974698286265252
96,2011,0.953056327920278
96,2012,0.911621695882567
96,2013,0.879448621245057
96,2014,0.855933959342716
96,2015,0.798728147885318
96,2016,0.76245458976194
96,2017,0.748155501230722
97,2001,0.976791983958646
97,2002,0.966036165627681
97,2003,0.961364223452977
97,2004,0.954731709700949
97,2005,0.954896319541285
97,2006,0.958653162149922
97,2007,0.958814976790343
97,2008,0.961190350711854
97,2009,0.959087607335934
97,2010,0.95249236747105
97,2011,0.946225727134851
97,2012,0.910371233867719
97,2013,0.882447871775147
97,2014,0.862163167725275
97,2015,0.81195423968434
97,2016,0.779402158478935
97,2017,0.765860222551001
98,2001,1
98,2002,1
98,2003,1
98,2004,1
98,2005,1
98,2006,1
98,2007,0.998047951125954
98,2008,0.99428696654436
98,2009,0.98084577527639
98,2010,0.977411527750346
98,2011,0.952921451141945
98,2012,0.90511482987428
98,2013,0.86808726155608
98,2014,0.84116068381913
98,2015,0.819065208963039
98,2016,0.787849205502355
98,2017,0.747360044592367
99,2001,1
99,2002,1
99,2003,1
99,2004,1
99,2005,1
99,2006,1
99,2007,0.998330828493408
99,2008,0.995074130882138
99,2009,0.983200960117672
99,2010,0.975468242292667
99,2011,0.949832810435282
99,2012,0.914873459068145
99,2013,0.887922174067242
99,2014,0.867579043278869
99,2015,0.850029507343716
99,2016,0.835983216387548
99,2017,0.828892574360704
100,2001,0.982007971919748
100,2002,0.97987400369816
100,2003,0.97887484076119
100,2004,0.974735451450882
100,2005,0.935089491389313
100,2006,0.937559394842373
100,2007,0.942422675313251
100,2008,0.969361852449621
100,2009,0.989891827036726
100,2010,0.986314266435326
100,2011,0.979655135149283
100,2012,0.95828865270027
100,2013,0.9409650228972
100,2014,0.927683683379562
100,2015,0.885215697446065
100,2016,0.871436283819321
100,2017,0.863286838174084
101,2001,0.674619716277957
101,2002,0.706444203855046
101,2003,0.71240785156988
101,2004,0.686649811558734
101,2005,0.719715091623209
101,2006,0.71740273128042
101,2007,0.710007097080423
101,2008,0.702455944015881
101,2009,0.701615846222529
101,2010,0.692552042331637
101,2011,0.699280623067217
101,2012,0.693239281091642
101,2013,0.685199823220471
101,2014,0.679314442315839
101,2015,0.672464633274563
101,2016,0.662511159431951
101,2017,0.653271095819707
102,2001,0.795944203155125
102,2002,0.804759257137762
102,2003,0.806534713390988
102,2004,0.79855995824259
102,2005,0.797369848895899
102,2006,0.792187705416745
102,2007,0.780955440378327
102,2008,0.76427153087032
102,2009,0.751895253772451
102,2010,0.743016955170957
102,2011,0.73275651797381
102,2012,0.724639438791541
102,2013,0.714947012156944
102,2014,0.706801717270585
102,2015,0.697226823491218
102,2016,0.684412911548158
102,2017,0.675111901582086
103,2001,0.664
103,2002,0.718
103,2003,0.704
103,2004,0.646
103,2005,0.643646315618731
103,2006,0.658417452795156
103,2007,0.682236390481936
103,2008,0.802724419141463
103,2009,0.988324497509294
103,2010,0.984192215853246
103,2011,0.98214729212352
103,2012,0.978614205247649
103,2013,0.973899736462875
103,2014,0.968724238313558
103,2015,0.963079407905746
103,2016,0.958722044195478
103,2017,0.955520376447914
104,2001,0.997098889159329
104,2002,0.997565139115866
104,2003,0.997444259497504
104,2004,0.996943472507151
104,2005,0.99666717623661
104,2006,0.997059940551957
104,2007,0.996869055095403
104,2008,0.997350759208477
104,2009,0.998316674698022
104,2010,0.997042135910588
104,2011,0.99353116764405
104,2012,0.955502814910383
104,2013,0.92553633734532
104,2014,0.904674530312452
104,2015,0.842824508917872
104,2016,0.80032859883223
104,2017,0.777124625105948
105,2006,0.821953015521461
105,2007,0.817937263896187
105,2008,0.820278005178019
105,2009,0.824665698088275
105,2010,0.823980086926126
105,2011,0.822743343204666
105,2012,0.808328696655257
105,2013,0.79124978815266
105,2014,0.77457975247161
105,2015,0.757663417939235
105,2016,0.748245094216341
105,2017,0.739254467271856
106,2001,0.999089212767452
106,2002,0.999235589286968
106,2003,0.999242338896589
106,2004,0.999093602113379
106,2005,0.999111401323666
106,2006,0.999188816074159
106,2007,0.999166998413099
106,2008,0.999343266949132
106,2009,0.999662639881416
106,2010,0.997224011275566
106,2011,0.990022898781911
106,2012,0.970377492573017
106,2013,0.954507851443027
106,2014,0.942860996882775
106,2015,0.885563149665477
106,2016,0.844428629229974
106,2017,0.820140282890145
107,2001,0.850828068871848
107,2002,0.849870282059813
107,2003,0.845193560368043
107,2004,0.836806021158449
107,2005,0.828216364033566
107,2006,0.821953015521461
107,2007,0.817937263896187
107,2008,0.820278005178019
107,2009,0.824665698088275
107,2010,0.823980086926125
107,2011,0.822743343204666
107,2012,0.808328696655257
107,2013,0.791249788152659
107,2014,0.77457975247161
107,2015,0.757663417939234
107,2016,0.748245094216341
107,2017,0.739254467271856
108,2001,0.707812711182912
108,2002,0.671485481578654
108,2003,0.657028808710745
108,2004,0.645058856956804
108,2005,0.599828838110774
108,2006,0.598896847007494
108,2007,0.610420041404696
108,2008,0.621899179585656
108,2009,0.630447594823239
108,2010,0.636238072526517
108,2011,0.646096606233063
108,2012,0.644744239391923
108,2013,0.632480757660235
108,2014,0.63020562132184
108,2015,0.634081580296334
108,2016,0.641512299614971
108,2017,0.651096809687931
110,2001,0.66087841788793
110,2002,0.626809360785924
110,2003,0.607763951725657
110,2004,0.588964477870424
110,2005,0.568734792250978
110,2006,0.568098452719394
110,2007,0.592006491973431
110,2008,0.619227184471159
110,2009,0.63655961037318
110,2010,0.641460336307392
110,2011,0.641968240898804
110,2012,0.62116140261292
110,2013,0.578739129654184
110,2014,0.549203690919442
110,2015,0.536241228616765
110,2016,0.534393622849099
110,2017,0.540539759816192
111,2001,0.835314933722713
111,2002,0.831235174630998
111,2003,0.827498020801669
111,2004,0.814806207757897
111,2005,0.797811093848995
111,2006,0.78584241881514
111,2007,0.779311279479134
111,2008,0.773882436595931
111,2009,0.767411758797281
111,2010,0.761404416974847
111,2011,0.761748242940198
111,2012,0.752841050088674
111,2013,0.731783039736837
111,2014,0.724669655926772
111,2015,0.724635900236662
111,2016,0.727411944121622
111,2017,0.733467867032769
112,2001,0.497168823353463
112,2002,0.409574247160165
112,2003,0.379706650595626
112,2004,0.356379935696624
112,2005,0.337451077648076
112,2006,0.330353397588274
112,2007,0.342922184641007
112,2008,0.35746551065667
112,2009,0.372741904972223
112,2010,0.389965895008569
112,2011,0.416962053770341
112,2012,0.427530450525625
112,2013,0.423944634912148
112,2014,0.436002726649825
112,2015,0.455330465155994
112,2016,0.481338124269676
112,2017,0.505054005680194
113,2001,0.503660164006653
113,2002,0.491389329348502
113,2003,0.480157390571577
113,2004,0.470387234742233
113,2005,0.457110716784897
113,2006,0.462310094426056
113,2007,0.496173228056156
113,2008,0.527154176806335
113,2009,0.545372622570169
113,2010,0.557435098336852
113,2011,0.580953432630939
113,2012,0.570561451094373
113,2013,0.513820710256798
113,2014,0.487472282680934
113,2015,0.476234209580355
113,2016,0.474615701135128
113,2017,0.481937671699315
114,2001,0.819225374126229
114,2002,0.799497248899274
114,2003,0.791396071840831
114,2004,0.77810924199605
114,2005,0.762868819197271
114,2006,0.752649018851469
114,2007,0.74851543498713
114,2008,0.745948771657903
114,2009,0.743456026933313
114,2010,0.741551391238329
114,2011,0.744701208899141
114,2012,0.740327994980079
114,2013,0.727935633535062
114,2014,0.726114463973126
114,2015,0.730062638684021
114,2016,0.736902575419176
114,2017,0.745202086289635
115,2001,0.822438091534422
115,2002,0.803861997664846
115,2003,0.794445487857794
115,2004,0.781737809035394
115,2005,0.76865934255751
115,2006,0.761224276864762
115,2007,0.759970212707775
115,2008,0.76005897110047
115,2009,0.759381420625479
115,2010,0.757589912294765
115,2011,0.758668944078473
115,2012,0.753229819253737
115,2013,0.741707562761722
115,2014,0.738285521299512
115,2015,0.740424278076961
115,2016,0.745205363820877
115,2017,0.751933229071429
116,2001,0.717338838473937
116,2002,0.686150174214868
116,2003,0.669913355524603
116,2004,0.651283140338198
116,2005,0.634617410698164
116,2006,0.62522015426379
116,2007,0.623461471522885
116,2008,0.622945773609693
116,2009,0.622213193715296
116,2010,0.620666893499903
116,2011,0.62399897105732
116,2012,0.619970870957101
116,2013,0.609896275485227
116,2014,0.61007174386654
116,2015,0.616519910803938
116,2016,0.62540381692219
116,2017,0.636157169122659
117,2001,0.758188802819637
117,2002,0.732256648186378
117,2003,0.719819285636862
117,2004,0.709841242602544
117,2005,0.701908287112335
117,2006,0.701215915735163
117,2007,0.710634289161019
117,2008,0.720041993069227
117,2009,0.727028319276239
117,2010,0.732152610044135
117,2011,0.740778502038021
117,2012,0.739898117210572
117,2013,0.729047212016191
117,2014,0.726663371403206
117,2015,0.729213897386799
117,2016,0.734882496495774
117,2017,0.742176474412563
118,2001,0.658549420088404
118,2002,0.621618387966967
118,2003,0.606435044724192
118,2004,0.593962167739162
118,2005,0.581937395165528
118,2006,0.580830698340098
118,2007,0.596606596256136
118,2008,0.612571370143139
118,2009,0.624422921031754
118,2010,0.632525595734195
118,2011,0.648513138984544
118,2012,0.647515664715402
118,2013,0.626742209183096
118,2014,0.621103001074682
118,2015,0.623641766141063
118,2016,0.632156483722037
118,2017,0.643036561786676
119,2001,0.491569512767857
119,2002,0.578968822842995
119,2003,0.5615624629924
119,2004,0.546945172334714
119,2005,0.532683532744701
119,2006,0.531422271275582
119,2007,0.549679178331849
119,2008,0.568499059246436
119,2009,0.582232795772157
119,2010,0.592617241180482
119,2011,0.608767549390549
119,2012,0.605760344463078
119,2013,0.580986806926676
119,2014,0.572522546935803
119,2015,0.573932207880287
119,2016,0.582472162118229
119,2017,0.59414129426949
120,2001,0.621614673996109
120,2002,0.580042509171621
120,2003,0.563031710607965
120,2004,0.548998409170201
120,2005,0.535466763712436
120,2006,0.534182833128167
120,2007,0.551728199976719
120,2008,0.56957247291611
120,2009,0.582810833002455
120,2010,0.593555095445729
120,2011,0.610917984792723
120,2012,0.609534494397694
120,2013,0.586597154397136
120,2014,0.580096612816323
120,2015,0.58274880854228
120,2016,0.59208396334072
120,2017,0.60408370554496
121,2001,0.504453834519237
121,2002,0.661329676284632
121,2003,0.653811404175311
121,2004,0.647251114819088
121,2005,0.638350325060728
121,2006,0.641807152696323
121,2007,0.664396430473621
121,2008,0.685091619566275
121,2009,0.697258177818181
121,2010,0.705259699662541
121,2011,0.720814550553512
121,2012,0.713771957955453
121,2013,0.675876224034613
121,2014,0.65819263056601
121,2015,0.650623269840758
121,2016,0.649492839186475
121,2017,0.65434678736898
122,2001,0.891638369327026
122,2002,0.87950785958841
122,2003,0.87454677129205
122,2004,0.870450516540683
122,2005,0.866524885973804
122,2006,0.866106496742189
122,2007,0.871064749231172
122,2008,0.876140641959841
122,2009,0.879935658787637
122,2010,0.873887303100249
122,2011,0.876001357902795
122,2012,0.875589540673694
122,2013,0.868470527242377
122,2014,0.86649536843789
122,2015,0.867414029714347
122,2016,0.870453988091934
122,2017,0.874309593509669
123,2001,0.679883328352578
123,2002,0.671706173747395
123,2003,0.664132598484955
123,2004,0.657387886601583
123,2005,0.648319499520045
123,2006,0.651631547333176
123,2007,0.673825302755397
123,2008,0.694366348396392
123,2009,0.706418152871188
123,2010,0.71395088875379
123,2011,0.728258497030752
123,2012,0.720534331775762
123,2013,0.682971300495133
123,2014,0.664815488066446
123,2015,0.656821289396519
123,2016,0.655342095457703
123,2017,0.659891039408061
124,2001,0.504082500100887
124,2002,0.491799607271316
124,2003,0.480549041108469
124,2004,0.47074688641674
124,2005,0.457438622867817
124,2006,0.462630094589603
124,2007,0.496494649673918
124,2008,0.527496976138597
124,2009,0.545725662768543
124,2010,0.557756951216473
124,2011,0.581182268509479
124,2012,0.570712239345551
124,2013,0.513937216725075
124,2014,0.487512293110934
124,2015,0.476222608504801
124,2016,0.474568330563011
124,2017,0.481869255285397
125,2001,0.753811524742884
125,2002,0.752378580206766
125,2003,0.742727947328041
125,2004,0.731304997758539
125,2005,0.717466502436139
125,2006,0.691949918656535
125,2007,0.669774199778392
125,2008,0.654771040767889
125,2009,0.645163342233956
125,2010,0.644122455175863
125,2011,0.647915156208314
125,2012,0.643719782884682
125,2013,0.625431930386834
125,2014,0.611716335872085
125,2015,0.604404590888162
125,2016,0.603643269881086
125,2017,0.607276101798217
126,2001,0.718768136108581
126,2002,0.700893128250286
126,2003,0.688097138617335
126,2004,0.667148316062227
126,2005,0.640430074291018
126,2006,0.601413934647017
126,2007,0.563562939482156
126,2008,0.540042306527466
126,2009,0.520566773707779
126,2010,0.51222773507737
126,2011,0.510497900122589
126,2012,0.507647264559703
126,2013,0.500149401790548
126,2014,0.497085873924222
126,2015,0.499514172520759
126,2016,0.508573309109834
126,2017,0.520922616976674
127,2001,0.763826448481857
127,2002,0.731732075004477
127,2003,0.719280842770426
127,2004,0.708974041645152
127,2005,0.699551395456235
127,2006,0.697710842559749
127,2007,0.707282880365594
127,2008,0.717656268271687
127,2009,0.725980417535847
127,2010,0.67064575506949
127,2011,0.622331498610808
127,2012,0.620701730129426
127,2013,0.6058678129142
127,2014,0.603802453238288
127,2015,0.608942689765336
127,2016,0.62021788371036
127,2017,0.633673566146746
129,2001,0.85152854174206
129,2002,0.83532687978408
129,2003,0.82867407024313
129,2004,0.823198402608481
129,2005,0.834572531087623
129,2006,0.817061962487651
129,2007,0.799585899835585
129,2008,0.787505033981749
129,2009,0.780969840384857
129,2010,0.781047219470946
129,2011,0.7842510944655
129,2012,0.780660148556237
129,2013,0.754692727499849
129,2014,0.70985134629022
129,2015,0.668395818035152
129,2016,0.660284062736147
129,2017,0.654896121205129
130,2001,0.745408710670009
130,2002,0.717619053072844
130,2003,0.706210377117252
130,2004,0.696820218096451
130,2005,0.687779687954547
130,2006,0.686912975723864
130,2007,0.675498513302719
130,2008,0.656105829612155
130,2009,0.645628829355501
130,2010,0.645572335897217
130,2011,0.652629118513783
130,2012,0.649066019930673
130,2013,0.612407779219718
130,2014,0.515511274225891
130,2015,0.466467608574553
130,2016,0.464293074924335
130,2017,0.465373784547951
131,2001,0.933475011538682
131,2002,0.923119437708978
131,2003,0.919294086242042
131,2004,0.879654846034895
131,2005,0.845688337700238
131,2006,0.804505856171405
131,2007,0.780258569119486
131,2008,0.761994717690842
131,2009,0.750369420603382
131,2010,0.745945077435035
131,2011,0.74894143835945
131,2012,0.74728216675251
131,2013,0.740422307994
131,2014,0.741131426440908
131,2015,0.746262535825284
131,2016,0.754157960524532
131,2017,0.763746168534138
132,2001,0.85575715287918
132,2002,0.839442327870727
132,2003,0.833557609342543
132,2004,0.822714820897528
132,2005,0.809265038345039
132,2006,0.815817588106498
132,2007,0.794548581669968
132,2008,0.778155805385063
132,2009,0.766974222208483
132,2010,0.76162088055174
132,2011,0.760542937286251
132,2012,0.755468817406236
132,2013,0.737306926861149
132,2014,0.709140185248065
132,2015,0.684981092401025
132,2016,0.685058540757044
132,2017,0.687240254864825
133,2001,0.641182957740314
133,2002,0.561842752096008
133,2003,0.535254546203527
133,2004,0.513910769373134
133,2005,0.518547262318782
133,2006,0.520615877216424
133,2007,0.526609577484528
133,2008,0.535628468115215
133,2009,0.595078753154306
133,2010,0.606982708169938
133,2011,0.617193099200396
133,2012,0.619356295815564
133,2013,0.613064619419102
133,2014,0.60804799739415
133,2015,0.60826328953733
133,2016,0.614276109250409
133,2017,0.619638722780938
134,2001,0.850828068871848
134,2002,0.849870282059813
134,2003,0.845193560368043
134,2004,0.83680602115845
134,2005,0.828216364033566
134,2006,0.821953015521461
134,2007,0.817937263896187
134,2008,0.820278005178019
134,2009,0.824665698088275
134,2010,0.823980086926126
134,2011,0.822743343204666
134,2012,0.808328696655257
134,2013,0.79124978815266
134,2014,0.77457975247161
134,2015,0.757663417939235
134,2016,0.748245094216341
134,2017,0.739254467271856
135,2001,0.515920466213656
135,2002,0.402329165736319
135,2003,0.363210922543862
135,2004,0.331125382040007
135,2005,0.305789903887836
135,2006,0.293186624554424
135,2007,0.299206190002834
135,2008,0.309920178365253
135,2009,0.36820416605181
135,2010,0.383464798978782
135,2011,0.398623910784241
135,2012,0.403405891559616
135,2013,0.403105563464953
135,2014,0.407788903372419
135,2015,0.420242657070136
135,2016,0.440929036360229
135,2017,0.45936110037552
136,2001,0.756269763183559
136,2002,0.721447230070684
136,2003,0.70399274086522
136,2004,0.688008983140708
136,2005,0.673611469349147
136,2006,0.667800884918111
136,2007,0.67367216735003
136,2008,0.678332364753011
136,2009,0.770352931909465
136,2010,0.763621088485214
136,2011,0.758602374809946
136,2012,0.74358583159292
136,2013,0.707313978432405
136,2014,0.669999060583968
136,2015,0.639518172273922
136,2016,0.616338515377392
136,2017,0.599811929667002
137,2001,0.787283977152237
137,2002,0.779784311765779
137,2003,0.772157693263342
137,2004,0.767663553440502
137,2005,0.771033503953093
137,2006,0.834335048288181
137,2007,0.840907009559803
137,2008,0.848875992983523
137,2009,0.856004404953178
137,2010,0.864076401525304
137,2011,0.872345810531412
137,2012,0.879619468636851
137,2013,0.863385885303375
137,2014,0.791044442894199
137,2015,0.683629885710888
137,2016,0.650826872055381
137,2017,0.615732750513038
138,2001,0.783907476404599
138,2002,0.776288766738141
138,2003,0.768541088793493
138,2004,0.763978535509441
138,2005,0.767452282482427
138,2006,0.828789308946458
138,2007,0.835639928411938
138,2008,0.843878904621681
138,2009,0.851243427256925
138,2010,0.859600909582829
138,2011,0.697726344541063
138,2012,0.701597028158416
138,2013,0.697096335406048
138,2014,0.665511180747221
138,2015,0.617695474313034
138,2016,0.610999689424348
138,2017,0.603790349176267
139,2001,0.771569551795457
139,2002,0.743332043845282
139,2003,0.721835667947657
139,2004,0.695693223519794
139,2005,0.670204994001449
139,2006,0.637419460588897
139,2007,0.607211665074376
139,2008,0.593511672095665
139,2009,0.583192593290125
139,2010,0.580431353149782
139,2011,0.583350819162146
139,2012,0.585072341228995
139,2013,0.581190752800231
139,2014,0.580450919326756
139,2015,0.583267094520581
139,2016,0.587836264354938
139,2017,0.59348857039831
140,2001,0.674686148158396
140,2002,0.666396929261571
140,2003,0.65872653180366
140,2004,0.651907364105743
140,2005,0.642731872348326
140,2006,0.646100974603681
140,2007,0.668627011024552
140,2008,0.689457140292366
140,2009,0.701680672619507
140,2010,0.709355317407792
140,2011,0.723963537342809
140,2012,0.71619506103893
140,2013,0.678098962436382
140,2014,0.659740616467011
140,2015,0.651701072581986
140,2016,0.650230862008956
140,2017,0.654866106041696
144,2001,0.616387967119592
144,2002,0.610205448335768
144,2003,0.604740881455684
144,2004,0.602224327718512
144,2005,0.604745009482638
144,2006,0.609460826042279
144,2007,0.614049270294677
144,2008,0.61715588557353
144,2009,0.618257992068174
144,2010,0.615761411070045
144,2011,0.966134296231044
144,2012,0.965713031097145
144,2013,0.96539429404584
144,2014,0.965168508693941
144,2015,0.965147419833148
144,2016,0.96526400883869
144,2017,0.96563731955175
145,2001,0.824936747568466
145,2002,0.81663237299292
145,2003,0.809130065902637
145,2004,0.800515216086594
145,2005,0.793598288822402
145,2006,0.787590127742604
145,2007,0.782835940204839
145,2008,0.764021052728724
145,2009,0.722772085102446
145,2010,0.702685829616499
145,2011,0.756632369385221
145,2012,0.717509112753243
145,2013,0.73156368464529
145,2014,0.698509041669986
145,2015,0.658514180822548
145,2016,0.709820064368859
145,2017,0.632104590620572
146,2001,0.850828068871848
146,2002,0.849870282059813
146,2003,0.845193560368043
146,2004,0.836806021158449
146,2005,0.828216364033566
146,2006,0.821953015521461
146,2007,0.817937263896187
146,2008,0.820278005178019
146,2009,0.824665698088275
146,2010,0.823980086926126
146,2011,0.822743343204666
146,2012,0.808328696655257
146,2013,0.79124978815266
146,2014,0.77457975247161
146,2015,0.757663417939235
146,2016,0.748245094216341
146,2017,0.739254467271855
147,2001,0.850828068871848
147,2002,0.849870282059813
147,2003,0.845193560368043
147,2004,0.836806021158449
147,2005,0.828216364033566
147,2006,0.821953015521461
147,2007,0.817937263896187
147,2008,0.820278005178019
147,2009,0.824665698088275
147,2010,0.823980086926126
147,2011,0.822743343204666
147,2012,0.808328696655257
147,2013,0.791249788152659
147,2014,0.77457975247161
147,2015,0.757663417939235
147,2016,0.748245094216342
147,2017,0.739254467271856
148,2001,0.850828068871848
148,2002,0.849870282059813
148,2003,0.845193560368043
148,2004,0.836806021158449
148,2005,0.828216364033566
148,2006,0.821953015521461
148,2007,0.817937263896187
148,2008,0.820278005178019
148,2009,0.824665698088275
148,2010,0.823980086926126
148,2011,0.822743343204666
148,2012,0.808328696655257
148,2013,0.79124978815266
148,2014,0.77457975247161
148,2015,0.757663417939235
148,2016,0.748245094216341
148,2017,0.739254467271855
149,2001,0.850828068871848
149,2002,0.849870282059813
149,2003,0.845193560368043
149,2004,0.836806021158449
149,2005,0.828216364033566
149,2006,0.821953015521461
149,2007,0.817937263896187
149,2008,0.820278005178019
149,2009,0.824665698088275
149,2010,0.823980086926126
149,2011,0.822743343204666
149,2012,0.808328696655257
149,2013,0.79124978815266
149,2014,0.77457975247161
149,2015,0.757663417939235
149,2016,0.748245094216341
149,2017,0.739254467271856
150,2001,0.850828068871848
150,2002,0.849870282059813
150,2003,0.845193560368043
150,2004,0.83680602115845
150,2005,0.828216364033566
150,2006,0.821953015521461
150,2007,0.817937263896187
150,2008,0.820278005178019
150,2009,0.824665698088275
150,2010,0.823980086926126
150,2011,0.822743343204666
150,2012,0.808328696655257
150,2013,0.79124978815266
150,2014,0.77457975247161
150,2015,0.757663417939235
150,2016,0.748245094216342
150,2017,0.739254467271856
151,2001,0.850828068871848
151,2002,0.849870282059813
151,2003,0.845193560368043
151,2004,0.836806021158449
151,2005,0.828216364033566
151,2006,1
151,2007,1
151,2008,1
151,2009,1
151,2010,1
151,2011,1
151,2012,1
151,2013,1
151,2014,1
151,2015,1
151,2016,1
151,2017,1
152,2001,0.850828068871848
152,2002,0.849870282059813
152,2003,0.845193560368043
152,2004,0.836806021158449
152,2005,0.828216364033566
152,2006,1
152,2007,1
152,2008,1
152,2009,1
152,2010,1
152,2011,1
152,2012,1
152,2013,1
152,2014,1
152,2015,1
152,2016,1
152,2017,1
153,2001,0.850828068871848
153,2002,0.849870282059813
153,2003,0.845193560368043
153,2004,0.836806021158449
153,2005,0.828216364033566
153,2006,0.821953015521461
153,2007,0.817937263896187
153,2008,0.82027800517802
153,2009,0.824665698088275
153,2010,0.823980086926126
153,2011,0.822743343204666
153,2012,0.808328696655257
153,2013,0.79124978815266
153,2014,0.77457975247161
153,2015,0.757663417939235
153,2016,0.748245094216341
153,2017,0.739254467271855
154,2001,0.850828068871848
154,2002,0.849870282059813
154,2003,0.845193560368043
154,2004,0.836806021158449
154,2005,0.828216364033566
154,2006,0.821953015521461
154,2007,0.817937263896187
154,2008,0.820278005178019
154,2009,0.824665698088275
154,2010,0.823980086926126
154,2011,0.822743343204666
154,2012,0.808328696655257
154,2013,0.79124978815266
154,2014,0.77457975247161
154,2015,0.757663417939235
154,2016,0.748245094216341
154,2017,0.739254467271856
155,2001,0.850828068871848
155,2002,0.849870282059813
155,2003,0.845193560368043
155,2004,0.83680602115845
155,2005,0.828216364033566
155,2006,0.821953015521461
155,2007,0.817937263896187
155,2008,0.820278005178019
155,2009,0.824665698088275
155,2010,0.823980086926125
155,2011,0.822743343204666
155,2012,0.808328696655257
155,2013,0.79124978815266
155,2014,0.77457975247161
155,2015,0.757663417939235
155,2016,0.748245094216342
155,2017,0.739254467271856
156,2001,0.850828068871848
156,2002,0.849870282059813
156,2003,0.845193560368043
156,2004,0.836806021158449
156,2005,0.828216364033566
156,2006,0.821953015521461
156,2007,0.817937263896187
156,2008,0.820278005178019
156,2009,0.824665698088275
156,2010,0.823980086926126
156,2011,0.822743343204666
156,2012,0.808328696655257
156,2013,0.79124978815266
156,2014,0.77457975247161
156,2015,0.757663417939235
156,2016,0.748245094216342
156,2017,0.739254467271856
157,2001,0.850828068871848
157,2002,0.849870282059813
157,2003,0.845193560368043
157,2004,0.836806021158449
157,2005,0.828216364033566
157,2006,0.821953015521461
157,2007,0.817937263896187
157,2008,0.820278005178019
157,2009,0.824665698088275
157,2010,0.823980086926125
157,2011,0.822743343204666
157,2012,0.808328696655257
157,2013,0.79124978815266
157,2014,0.77457975247161
157,2015,0.757663417939235
157,2016,0.748245094216341
157,2017,0.739254467271856
158,2001,0.850828068871848
158,2002,0.849870282059813
158,2003,0.845193560368043
158,2004,0.836806021158449
158,2005,0.828216364033566
158,2006,0.821953015521461
158,2007,0.817937263896187
158,2008,0.820278005178019
158,2009,0.824665698088275
158,2010,0.823980086926126
158,2011,0.822743343204666
158,2012,0.808328696655257
158,2013,0.79124978815266
158,2014,0.77457975247161
158,2015,0.757663417939235
158,2016,0.748245094216341
158,2017,0.739254467271856
159,2001,0.850828068871848
159,2002,0.849870282059813
159,2003,0.845193560368043
159,2004,0.83680602115845
159,2005,0.828216364033566
159,2006,0.821953015521461
159,2007,0.817937263896187
159,2008,0.820278005178019
159,2009,0.824665698088275
159,2010,0.823980086926126
159,2011,0.822743343204666
159,2012,0.808328696655257
159,2013,0.79124978815266
159,2014,0.77457975247161
159,2015,0.757663417939235
159,2016,0.748245094216342
159,2017,0.739254467271856
161,2001,0.850828068871848
161,2002,0.849870282059813
161,2003,0.845193560368043
161,2004,0.836806021158449
161,2005,0.828216364033566
161,2006,0.821953015521461
161,2007,0.817937263896187
161,2008,0.820278005178019
161,2009,0.824665698088275
161,2010,0.823980086926126
161,2011,0.822743343204666
161,2012,0.808328696655257
161,2013,0.791249788152659
161,2014,0.77457975247161
161,2015,0.757663417939235
161,2016,0.446155
161,2017,0.4505387
162,2001,0.8956946200394
162,2002,0.8829892482436
162,2003,0.879927884973349
162,2004,0.879669200246212
162,2005,0.875563123256622
162,2006,0.868958269276262
162,2007,0.804350360410955
162,2008,0.698473558656941
162,2009,0.618052131392891
162,2010,0.563680182857819
162,2011,0.522113337055499
162,2012,0.491029438226415
162,2013,0.470556770413053
162,2014,0.460584011026201
162,2015,0.458846005967935
162,2016,0.453879683438453
162,2017,0.457065619063586
163,2001,0.755900244794817
163,2002,0.745207414629212
163,2003,0.738789245433804
163,2004,0.726227711284967
163,2005,0.716919364895057
163,2006,0.716287792921185
163,2007,0.724621540577492
163,2008,0.724257440297122
163,2009,0.719495297216293
163,2010,0.723260618090564
163,2011,0.725094128224104
163,2012,0.714007509627136
163,2013,0.696114634667862
163,2014,0.679579429247043
163,2015,0.672747647474321
163,2016,0.674519779964035
163,2017,0.677382572542509
164,2001,0.75484249062868
164,2002,0.719957892070317
164,2003,0.702537603593932
164,2004,0.68660091198948
164,2005,0.672227106917562
164,2006,0.666502752346469
164,2007,0.672563978553978
164,2008,0.677464282855281
164,2009,0.791267323445788
164,2010,0.784609396574946
164,2011,0.777704273846424
164,2012,0.761107858092386
164,2013,0.720870494024195
164,2014,0.676179927965547
164,2015,0.638238910071021
164,2016,0.60792699534335
164,2017,0.584904336856698
166,2001,0.75448604141298
166,2002,0.727688543170191
166,2003,0.716683788492474
166,2004,0.707624978599075
166,2005,0.698903284583618
166,2006,0.698067794658048
166,2007,0.70939200702496
166,2008,0.720890427915838
166,2009,0.729439016478255
166,2010,0.736435549416071
166,2011,0.747789597177489
166,2012,0.747017318106295
166,2013,0.73228388578026
166,2014,0.728219917983875
166,2015,0.730037031415296
166,2016,0.736154520256606
166,2017,0.743964069686277
167,2001,0.878574263158918
167,2002,0.862114932758284
167,2003,0.856118299491408
167,2004,0.848958222534319
167,2005,0.829476466293074
167,2006,0.793556151486056
167,2007,0.750994716510541
167,2008,0.730604669521369
167,2009,0.712004682259678
167,2010,0.705793967214862
167,2011,0.70840470470158
167,2012,0.709748208474294
167,2013,0.709140830902979
167,2014,0.71268184279661
167,2015,0.719133461383901
167,2016,0.72868429143829
167,2017,0.740250808430198
168,2001,0.934964552908486
168,2002,0.929974749026538
168,2003,0.911624176584237
168,2004,0.90758038359075
168,2005,0.899292100621178
168,2006,0.874532892744082
168,2007,0.810597708106662
168,2008,0.813268329942777
168,2009,0.803844911476866
168,2010,0.801266636752144
168,2011,0.804435579780916
168,2012,0.804898002256259
168,2013,0.801906736888411
168,2014,0.803362995100341
168,2015,0.80745192476545
168,2016,0.814270333273625
168,2017,0.822500583767574
169,2001,0.484787508378106
169,2002,0.428660566982419
169,2003,0.405494442397426
169,2004,0.386355983108502
169,2005,0.581886886694268
169,2006,0.6825595933001
169,2007,0.684803095024685
169,2008,0.707296695431292
169,2009,0.714542530743655
169,2010,0.720616314968808
169,2011,0.73022781522569
169,2012,0.730331994196053
169,2013,0.719756289022307
169,2014,0.717489870949156
169,2015,0.719881969815111
169,2016,0.72562495658111
169,2017,0.732759116177328
171,2001,0.45077319607602
171,2002,0.418811798125375
171,2003,0.398463394841002
171,2004,0.551724817106308
171,2005,0.505751917034181
171,2006,0.647565944733859
171,2007,0.656704303948889
171,2008,0.679543119340076
171,2009,0.719513300761007
171,2010,0.7254749652586
171,2011,0.76218374387679
171,2012,0.747044755197715
171,2013,0.696908310906004
171,2014,0.657893446695181
171,2015,0.630775321051974
171,2016,0.616681825754288
171,2017,0.614473507820509
172,2001,0.515892847704679
172,2002,0.513490040492585
172,2003,0.510222045141978
172,2004,0.672828901297917
172,2005,0.755618653573995
172,2006,0.736968982922282
172,2007,0.722273272615102
172,2008,0.714450021316778
172,2009,0.70880438405438
172,2010,0.705148576097582
172,2011,0.698767520314186
172,2012,0.680189467738155
172,2013,0.607228482750392
172,2014,0.545863750502366
172,2015,0.511247138107713
172,2016,0.543800890270932
172,2017,0.539405068362509
173,2001,0.03147027
173,2002,0.02666309
173,2003,0.02012497
173,2004,0.540198071462725
173,2005,0.542065845680903
173,2006,0.545055569365895
173,2007,0.548554402701178
173,2008,0.553713150759917
173,2009,0.560484709137473
173,2010,0.569300850946223
173,2011,0.58069082936893
173,2012,0.586593738723456
173,2013,0.496407202280907
173,2014,0.423694867511449
173,2015,0.377881409655624
173,2016,0.3516672
173,2017,0.3199013
175,2017,0.739254467271856
176,2010,1
176,2011,1
176,2012,1
176,2013,1
176,2014,1
176,2015,1
176,2016,0.9955189
176,2017,0.9610642
177,2012,1
177,2013,1
177,2014,1
177,2015,1
177,2016,0.9955189
177,2017,0.9610642
179,2001,0.979884011265039
179,2002,0.977889717595332
179,2003,0.97818877059784
179,2004,0.97401864034257
179,2005,0.972892397816449
179,2006,0.972346293886953
179,2007,0.970998322153036
179,2008,0.973388648174485
179,2009,0.978607420649446
179,2010,0.977469638269222
179,2011,0.978336016051007
179,2012,0.977124454884827
179,2013,0.972520599362699
179,2014,0.955538951531673
179,2015,0.943385678607004
179,2016,0.93601849981785
179,2017,0.916556326462433
180,2001,0.976456883443523
180,2002,0.972744218239652
180,2003,0.97031429826413
180,2004,0.961935799442662
180,2005,0.956323977331553
180,2006,0.952108366820409
180,2007,0.949339343145746
180,2008,0.957931094027089
180,2009,0.962422968399408
180,2010,0.956715149281619
180,2011,0.956891722915481
180,2012,0.957587098106781
180,2013,0.951858068583951
180,2014,0.937148851136363
180,2015,0.926400985832344
180,2016,0.932311777089193
180,2017,0.921151861073049
181,2001,0.983669443360751
181,2002,0.986274672073721
181,2003,0.989720521843109
181,2004,0.989242004323341
181,2005,0.98770528982955
181,2006,0.985408729319324
181,2007,0.98318178397566
181,2008,0.983438698390543
181,2009,0.986525947734557
181,2010,0.98852749219555
181,2011,0.995380125668383
181,2012,0.99623314040735
181,2013,0.997332122078798
181,2014,0.98717301492442
181,2015,0.979004749733739
181,2016,0.972857311698232
181,2017,0.962833053896836
182,2001,0.838014787357262
182,2002,0.864048125103416
182,2003,0.857298741243302
182,2004,0.829337008108544
182,2005,0.813909844999712
182,2006,0.821224232642393
182,2007,0.835605845744879
182,2008,0.900688575435323
182,2009,0.999531912655249
182,2010,0.999523479205254
182,2011,0.999522352282845
182,2012,0.999520701600046
182,2013,0.999507041850252
182,2014,0.999491761188131
182,2015,0.999474109634613
182,2016,0.999464977769509
182,2017,0.975797618313645
183,2001,0.664
183,2002,0.718
183,2003,0.999409346479609
183,2004,0.99929361031683
183,2005,0.999229755882193
183,2006,0.999261683099512
183,2007,0.999319551180901
183,2008,0.999588937077025
183,2009,1
183,2010,1
183,2011,0.999869016205892
183,2012,0.999162108965677
183,2013,0.998542125757084
183,2014,0.997953387616988
183,2015,0.997484606784009
183,2016,0.997243559441303
183,2017,0.99703392651385
184,2001,0.805758810584746
184,2002,0.796345155781791
184,2003,0.785084366580636
184,2004,0.77177997464679
184,2005,0.761650983005544
184,2006,0.755632131276785
184,2007,0.752135666008078
184,2008,0.754479000463391
184,2009,0.760096066559733
184,2010,0.756565543897745
184,2011,0.751728503570805
184,2012,0.734687011133283
184,2013,0.702687143640692
184,2014,0.688055728531631
184,2015,0.680356144393294
184,2016,0.673023192073243
184,2017,0.660919705884424
185,2001,0.84642029583074
185,2002,0.871102748286514
185,2003,0.864703593946128
185,2004,0.838192811678815
185,2005,0.823566173186505
185,2006,0.83087949243266
185,2007,0.844134883566316
185,2008,0.905841014705751
185,2009,1
185,2010,1
185,2011,1
185,2012,1
185,2013,1
185,2014,1
185,2015,1
185,2016,1
185,2017,0.975111410929877
186,2001,0.78030097153936
186,2002,0.774816437706827
186,2003,0.768667815105344
186,2004,0.761208666009309
186,2005,0.756794365306548
186,2006,0.756220333192253
186,2007,0.769668364551908
186,2008,0.773994774160547
186,2009,0.781048393777942
186,2010,0.777178569262303
186,2011,0.771485407198188
186,2012,0.752956624777998
186,2013,0.728891005526438
186,2014,0.70855024957296
186,2015,0.695416517322903
186,2016,0.68147968334315
186,2017,0.661537769142405
187,2001,0.779975444771342
187,2002,0.77279331628668
187,2003,0.764095627722864
187,2004,0.750079100421705
187,2005,0.737652141291765
187,2006,0.728202376793981
187,2007,0.725945946647714
187,2008,0.728328395735455
187,2009,0.73831687460897
187,2010,0.738101693570263
187,2011,0.737750149076158
187,2012,0.727475873404512
187,2013,0.713913569886427
187,2014,0.707511366032042
187,2015,0.708902107363098
187,2016,0.710480556655797
187,2017,0.705741795091512
188,2001,0.727018946303562
188,2002,0.720589267026315
188,2003,0.71710776086938
188,2004,0.710175759062541
188,2005,0.703467583769325
188,2006,0.696972204299596
188,2007,0.692674543044483
188,2008,0.691355051368444
188,2009,0.695261385160292
188,2010,0.694689857148658
188,2011,0.694224759402299
188,2012,0.697522255035686
188,2013,0.699804064849618
188,2014,0.70497515171757
188,2015,0.713020826731699
188,2016,0.721880364985328
188,2017,0.71931394576028
190,2001,0.874651585183683
190,2002,0.886601101680698
190,2003,0.897729766216757
190,2004,0.908202266804307
190,2005,0.911993890513807
190,2006,0.91175921122135
190,2007,0.911978039801498
190,2008,0.909958281515816
190,2009,0.910463814507406
190,2010,0.911278158108167
190,2011,0.912593479370843
190,2012,0.897211971786484
190,2013,0.89776310127095
190,2014,0.894703207675629
190,2015,0.892069347812476
190,2016,0.890150986253515
190,2017,0.888371939987391
191,2001,0.894498511720707
191,2002,0.939839430626833
191,2003,0.952051140341304
191,2004,0.972931501605894
191,2005,0.96813265099009
191,2006,0.970207646972755
191,2007,0.974835789755961
191,2008,0.97530536765993
191,2009,0.981217624053398
191,2010,0.98100579692174
191,2011,0.980937290379039
191,2012,0.975892156304042
191,2013,0.975736899800192
191,2014,0.972230339186866
191,2015,0.96842130494857
191,2016,0.965536520957637
191,2017,0.963163700085809
192,2001,0.925675732520785
192,2002,0.949462855826271
192,2003,0.963224665087845
192,2004,0.975748845380382
192,2005,0.981780622986031
192,2006,0.986957013052662
192,2007,0.997799305724594
192,2008,1
192,2009,1
192,2010,1
192,2011,1
192,2012,1
192,2013,0.999743490303797
192,2014,0.994414459447702
192,2015,0.988971191013987
192,2016,0.983588004554809
192,2017,0.97960143761355
193,2001,0.999009138075252
193,2002,0.999168383741729
193,2003,0.999127097828198
193,2004,0.998956056186426
193,2005,0.998861688384069
193,2006,0.998908872285247
193,2007,0.998886772178393
193,2008,0.998911524501622
193,2009,0.99893373315037
193,2010,0.997420565956164
193,2011,0.99426700261248
193,2012,0.976798984231659
193,2013,0.963465101464193
193,2014,0.953647179953565
193,2015,0.89145429045102
193,2016,0.846891853328026
193,2017,0.820584760055227
194,2001,0.997537816589562
194,2002,0.996580699494508
194,2003,0.996067936855242
194,2004,0.99538658993812
194,2005,0.99503882123681
194,2006,0.995104324016824
194,2007,0.995093575779491
194,2008,0.99503797194716
194,2009,0.994138496037625
194,2010,0.992092146961512
194,2011,0.987785413525132
194,2012,0.979745039548305
194,2013,0.97337501084861
194,2014,0.968318696042437
194,2015,0.907971783383742
194,2016,0.864639002808193
194,2017,0.838458015625799
195,2001,0.98769057525381
195,2002,0.989667477790614
195,2003,0.989836554635773
195,2004,0.987845068719809
195,2005,0.987595887303281
195,2006,0.988686909638548
195,2007,0.988335352116027
195,2008,0.988274605790652
195,2009,0.988041039130104
195,2010,0.979812390410037
195,2011,0.959053963482125
195,2012,0.904732525822183
195,2013,0.861277609306957
195,2014,0.828951485717104
195,2015,0.792294840506992
195,2016,0.769009715588463
195,2017,0.763304340082394
196,2001,0.996991605049996
196,2002,0.997475097095532
196,2003,0.997349747305949
196,2004,0.996830441034817
196,2005,0.996506132780796
196,2006,0.996650299648531
196,2007,0.996549299218312
196,2008,0.997073931415333
196,2009,0.996490612214437
196,2010,0.992376798385827
196,2011,0.979397502219456
196,2012,0.956308847420666
196,2013,0.93847890053688
196,2014,0.925242580355719
196,2015,0.870219858394809
196,2016,0.836016518040169
196,2017,0.814146560180442
197,2001,1
197,2002,1
197,2003,1
197,2004,1
197,2005,1
197,2006,1
197,2007,0.999614217882456
197,2008,0.999073052791647
197,2009,0.998475090158362
197,2010,0.996604227286444
197,2011,0.990411415116029
197,2012,0.975725615052731
197,2013,0.964103059637517
197,2014,0.95055959344871
197,2015,0.890921731780959
197,2016,0.848125972604395
197,2017,0.822496189645845
198,2001,0.996995618624306
198,2002,0.997478465631114
198,2003,0.997353283073794
198,2004,0.996834669622037
198,2005,0.996869085213787
198,2006,0.996998864065029
198,2007,0.997001235760312
198,2008,0.997769605443404
198,2009,0.999079586608712
198,2010,0.992852271039981
198,2011,0.977376906123919
198,2012,0.945713322523281
198,2013,0.920244151412837
198,2014,0.901237050401484
198,2015,0.843612112583749
198,2016,0.803534394078561
198,2017,0.7819445480418
199,2001,0.929708003069206
199,2002,0.915744268940256
199,2003,0.921177650023441
199,2004,0.895351503120576
199,2005,0.934686461354643
199,2006,0.9266018321449
199,2007,0.9431005553216
199,2008,0.952662749066722
199,2009,0.971458430647589
199,2010,0.938963420830705
199,2011,0.924924540957735
199,2012,0.888591668615202
199,2013,0.85179715098664
199,2014,0.820806779199341
199,2015,0.76081257625783
199,2016,0.745109204885512
199,2017,0.740345224325423
200,2001,0.827199623681333
200,2002,0.830459135372435
200,2003,0.851576393063153
200,2004,0.819097098678593
200,2005,0.886307706990177
200,2006,0.860592469767121
200,2007,0.881878720669804
200,2008,0.867932921118392
200,2009,0.896827911137745
200,2010,0.888447802876365
200,2011,0.869379968498063
200,2012,0.853857120390411
200,2013,0.822756777320179
200,2014,0.79067801638028
200,2015,0.737191873037078
200,2016,0.713323067751506
200,2017,0.692327514567938
202,2001,1
202,2002,0.998294687117492
202,2003,0.978571936931574
202,2004,0.956426822260594
202,2005,0.933103781796024
202,2006,0.911327973350572
202,2007,0.920889388986442
202,2008,0.910459750853641
202,2009,0.899041664009749
202,2010,0.927878851536122
202,2011,0.916254185580803
202,2012,0.90523706775327
202,2013,0.896330371132604
202,2014,0.890553310633006
202,2015,0.888617533079268
202,2016,0.907873739131714
202,2017,0.91311799271322
203,2001,0.925854966779513
203,2002,0.913844930626594
203,2003,0.869154255664506
203,2004,0.867820068764595
203,2005,0.822647545486806
203,2006,0.805971587441781
203,2007,0.792371003003048
203,2008,0.783115282138906
203,2009,0.79496744619464
203,2010,0.787639450313317
203,2011,0.782222011823814
203,2012,0.776634293063262
203,2013,0.765979403635738
203,2014,0.750207452160368
203,2015,0.752726732132012
203,2016,0.724114544166525
203,2017,0.723344612514266
204,2001,0.947595687555436
204,2002,0.948303323593696
204,2003,0.947024582302818
204,2004,0.940268660277023
204,2005,0.933838950911029
204,2006,0.929038988807107
204,2007,0.913824258750126
204,2008,0.909381114771781
204,2009,0.911902384814637
204,2010,0.914601373479498
204,2011,0.919977440400296
204,2012,0.922072217200212
204,2013,0.911419326540751
204,2014,0.880223195129759
204,2015,0.845470551148095
204,2016,0.806558220596396
204,2017,0.784461811827189
205,2001,0.947352880574824
205,2002,0.944522330602908
205,2003,0.934368257500537
205,2004,0.911774728271476
205,2005,0.891510672255422
205,2006,0.875584760119989
205,2007,0.857768957111013
205,2008,0.851250444191267
205,2009,0.855270391501302
205,2010,0.858669159620188
205,2011,0.866085412318954
205,2012,0.869334525160855
205,2013,0.862653433356405
205,2014,0.803806709635389
205,2015,0.810480637267206
205,2016,0.764137434567569
205,2017,0.758155973860447
206,2001,0.89358875223733
206,2002,0.883816651092104
206,2003,0.864798451851797
206,2004,0.834488473524186
206,2005,0.807585787910515
206,2006,0.785410091012043
206,2007,0.768038263194705
206,2008,0.759873072469017
206,2009,0.75916255166447
206,2010,0.760963359134415
206,2011,0.767127954947954
206,2012,0.767437101955342
206,2013,0.757215584667154
206,2014,0.742091123796657
206,2015,0.698210066146082
206,2016,0.671531125954662
206,2017,0.652424406520225
207,2001,0.787725255750831
207,2002,0.784938313756002
207,2003,0.776092721243011
207,2004,0.764598093075994
207,2005,0.75347066943237
207,2006,0.749168785809015
207,2007,0.729812033321388
207,2008,0.736074157927236
207,2009,0.733447421438591
207,2010,0.716964484825897
207,2011,0.727924031650551
207,2012,0.720916179297634
207,2013,0.704312989837933
207,2014,0.687590046665785
207,2015,0.673548391693694
207,2016,0.661079677187075
207,2017,0.644913401871952
208,2001,0.965790774316825
208,2002,0.963744142951009
208,2003,0.95210713952596
208,2004,0.934594479329322
208,2005,0.917524743158432
208,2006,0.902314990164519
208,2007,0.891809161488334
208,2008,0.886967488065357
208,2009,0.889968586874685
208,2010,0.893906889123972
208,2011,0.898506476612956
208,2012,0.896462494930127
208,2013,0.889594211307365
208,2014,0.866201352555745
208,2015,0.815705334500549
208,2016,0.763388057861136
208,2017,0.730073294621224
209,2001,0.641078039446494
209,2002,0.638318077007302
209,2003,0.634389639006555
209,2004,0.629138639195197
209,2005,0.653609220971506
209,2006,0.617480751673183
209,2007,0.587468980959068
209,2008,0.583855320708741
209,2009,0.577606169807131
209,2010,0.589592074032482
209,2011,0.582373460789287
209,2012,0.554668153601208
209,2013,0.563795879641135
209,2014,0.567537336327692
209,2015,0.570891910925683
209,2016,0.561915090251756
209,2017,0.581864200028954
210,2001,0.617322267832527
210,2002,0.615419979781536
210,2003,0.612415308471054
210,2004,0.606461725720934
210,2005,0.606821170400791
210,2006,0.579096672191808
210,2007,0.535294390401448
210,2008,0.550076443765127
210,2009,0.546678911767366
210,2010,0.55751123657619
210,2011,0.578192574339298
210,2012,0.564771233400025
210,2013,0.573443287936342
210,2014,0.576962623885418
210,2015,0.582005552206007
210,2016,0.576285916274466
210,2017,0.593628811726122
212,2001,0.850828068871848
212,2002,0.8507874
212,2003,0.8002419
212,2004,0.714879
212,2005,0.6448537
212,2006,0.5899295
212,2007,0.5449982
212,2008,0.518911
212,2009,0.5167452
212,2010,0.5081992
212,2011,0.4962803
212,2012,0.4807049
212,2013,0.4676523
212,2014,0.4556032
212,2015,0.4485361
212,2016,0.446155
212,2017,0.4505387
214,2001,0.918386582817204
214,2002,0.941587561763384
214,2003,0.952606465757127
214,2004,0.960546062264796
214,2005,0.961100011500765
214,2006,0.960931393991363
214,2007,0.960635951583066
214,2008,0.964760795625405
214,2009,0.950600363182542
214,2010,0.945094089807773
214,2011,0.93820893087286
214,2012,0.923330904575593
214,2013,0.904982423237948
214,2014,0.885507744358697
214,2015,0.871619026884911
214,2016,0.855361016050197
214,2017,0.839239886836969
215,2001,0.935380962452139
215,2002,0.948062668334918
215,2003,0.956624483028863
215,2004,0.969744669199908
215,2005,0.974286984535089
215,2006,0.974245566490063
215,2007,0.971751193734679
215,2008,0.970306695186262
215,2009,0.942327236831346
215,2010,0.940949557156465
215,2011,0.940270975991251
215,2012,0.933052589868372
215,2013,0.921241505051764
215,2014,0.905186221484658
215,2015,0.899125541038318
215,2016,0.885488830340876
215,2017,0.872100250131354
216,2001,0.928543272842089
216,2002,0.920744068489391
216,2003,0.905956763008516
216,2004,0.88224554468689
216,2005,0.841656062016292
216,2006,0.820622175176607
216,2007,0.805022558102113
216,2008,0.797486898506185
216,2009,0.796229906193819
216,2010,0.784828852865285
216,2011,0.801837851310448
216,2012,0.801622744631358
216,2013,0.781069443074324
216,2014,0.769247357660817
216,2015,0.737103142109207
216,2016,0.70814503815355
216,2017,0.686785608468375
218,2001,0.706254378537101
218,2002,0.678587710849596
218,2003,0.655473804881257
218,2004,0.63478475460542
218,2005,0.618627730772398
218,2006,0.61302517486934
218,2007,0.61068809195343
218,2008,0.607767471326204
218,2009,0.604195861628581
218,2010,0.607086509837638
218,2011,0.614385038280514
218,2012,0.620714182961299
218,2013,0.615727669033776
218,2014,0.611692540954784
218,2015,0.604456280353902
218,2016,0.598698956594597
218,2017,0.586199422689606
219,2001,0.504764078347623
219,2002,0.442096045630354
219,2003,0.424343531486385
219,2004,0.387333771960717
219,2005,0.371021077411478
219,2006,0.374760501378196
219,2007,0.383006618552198
219,2008,0.392095190879495
219,2009,0.403692844506719
219,2010,0.417910910163775
219,2011,0.437299937732798
219,2012,0.450065208147401
219,2013,0.456760977202638
219,2014,0.475747611000657
219,2015,0.478136330620884
219,2016,0.475003158875771
219,2017,0.473915917926923
220,2001,0.680133045886069
220,2002,0.671741907149443
220,2003,0.663898195015758
220,2004,0.656788620180891
220,2005,0.64730356107226
220,2006,0.650578381310686
220,2007,0.673051053854399
220,2008,0.694045111441814
220,2009,0.706340348404273
220,2010,0.713643909206739
220,2011,0.727222847561322
220,2012,0.718651380404747
220,2013,0.680184787399055
220,2014,0.661114206886982
220,2015,0.65258176712955
220,2016,0.650758126063919
220,2017,0.655169681291612
221,2001,0.621001168686142
221,2002,0.57949408816934
221,2003,0.562169496308751
221,2004,0.547709482242226
221,2005,0.533678652462386
221,2006,0.532368976235123
221,2007,0.550303126181689
221,2008,0.568731373502357
221,2009,0.58228035019303
221,2010,0.592743585063927
221,2011,0.609285311794079
221,2012,0.606878208359061
221,2013,0.582816223813822
221,2014,0.575153097467054
221,2015,0.577087170166609
221,2016,0.585985818368015
221,2017,0.597816270858894
223,2001,0.714663254987988
223,2002,0.704109633901435
223,2003,0.708402679502756
223,2004,0.700226981679785
223,2005,0.697695539577482
223,2006,0.707117509642267
223,2007,0.723165871211027
223,2008,0.752825132428745
223,2009,0.785277522984514
223,2010,0.881155275646078
223,2011,0.96429291629328
223,2012,0.971810416204056
223,2013,0.971633624884269
223,2014,0.971162500931285
223,2015,0.970397009737911
223,2016,0.969515984227726
223,2017,0.968739300459191
224,2001,0.673176303632475
224,2002,0.661653578027193
224,2003,0.649935797596825
224,2004,0.643035278761847
224,2005,0.648289060805719
224,2006,0.65919460246867
224,2007,0.672831110870797
224,2008,0.689231302637089
224,2009,0.70389084048179
224,2010,0.720491802498812
224,2011,0.671746326772256
224,2012,0.681560998502896
224,2013,0.69714994845143
224,2014,0.715674033343303
224,2015,0.702851190538446
224,2016,0.682224616862211
224,2017,0.728713082031051
227,2001,0.984808062766918
227,2002,0.982106184405858
227,2003,0.980443885282852
227,2004,0.972039596707794
227,2005,0.964634103051272
227,2006,0.957948907557828
227,2007,0.956480023800952
227,2008,0.954718695343623
227,2009,0.961874493369133
227,2010,0.954328498374173
227,2011,0.952974142528495
227,2012,0.948179121887899
227,2013,0.94003584056592
227,2014,0.920322259452822
227,2015,0.906024635789288
227,2016,0.911250779119441
227,2017,0.896375720655935
228,2001,0.990916698446224
228,2002,0.988835714117543
228,2003,0.98871480208199
228,2004,0.983442443709172
228,2005,0.979509687401466
228,2006,0.974907284191073
228,2007,0.972270389180642
228,2008,0.969422135528576
228,2009,0.973353734509815
228,2010,0.973017214378903
228,2011,0.972221159359182
228,2012,0.969398154693655
228,2013,0.963311578852688
228,2014,0.949329370938412
228,2015,0.937843312393582
228,2016,0.940164021350186
228,2017,0.92888393219909
231,2001,0.939773974905928
231,2002,0.916962859168639
231,2003,0.87955361963048
231,2004,0.822902801396953
231,2005,0.777190909870982
231,2006,0.741010285351432
231,2007,0.711424938448467
231,2008,0.706742484889153
231,2009,0.720863051896324
231,2010,0.735023737623849
231,2011,0.753760764594587
231,2012,0.753340152665448
231,2013,0.733705224797815
231,2014,0.755849259766147
231,2015,0.649714638328688
231,2016,0.603617251076804
231,2017,0.585297282965624
232,2001,0.786300363965085
232,2002,0.782614365331013
232,2003,0.779773317964099
232,2004,0.773647351020101
232,2005,0.76813585166331
232,2006,0.763756718747089
232,2007,0.761030608947439
232,2008,0.76212987406205
232,2009,0.767948987195662
232,2010,0.76713679714441
232,2011,0.766263917762564
232,2012,0.753882138575401
232,2013,0.738875784952075
232,2014,0.73175244792926
232,2015,0.732423618577536
232,2016,0.732511953419067
232,2017,0.724228624275102
237,2001,1
237,2002,1
237,2003,0.985157319621517
237,2004,0.952594878742143
237,2005,0.924963222151097
237,2006,0.904736569195715
237,2007,0.884693347168388
237,2008,0.884935527790601
237,2009,0.899759073586964
237,2010,0.913343001242924
237,2011,0.93177997212008
237,2012,0.923204561627362
237,2013,0.887489396393102
237,2014,0.826077878325239
237,2015,0.758636445576859
237,2016,0.680816240944415
237,2017,0.634101828007865
244,2001,0.605916943187079
244,2002,0.552605487818585
244,2003,0.535357999386071
244,2004,0.516230614670476
244,2005,0.494201924914158
244,2006,0.480595924593947
244,2007,0.481837050612908
244,2008,0.484590147100941
244,2009,0.486629813777015
244,2010,0.490588043226753
244,2011,0.501490761681088
244,2012,0.500394368681796
244,2013,0.487385566078659
244,2014,0.48831246842084
244,2015,0.497708186566403
244,2016,0.514828226313484
244,2017,0.533800561332935
245,2001,0.504069315021007
245,2002,0.491786798640325
245,2003,0.480536814013309
245,2004,0.470735579505565
245,2005,0.4574283139906
245,2006,0.462620034262676
245,2007,0.496484544658595
245,2008,0.527486199039878
245,2009,0.545714563712298
245,2010,0.557746832642922
245,2011,0.581175074251436
245,2012,0.570707498788275
245,2013,0.513933553935823
245,2014,0.487511035242807
245,2015,0.47622297322528
245,2016,0.474569819823006
245,2017,0.481871406195198
247,2001,0.585278454540096
247,2002,0.582946146128239
247,2003,0.569517641788005
247,2004,0.555240155252258
247,2005,0.53480486044556
247,2006,0.510977163156191
247,2007,0.495745714740896
247,2008,0.492666998352116
247,2009,0.481923479269717
247,2010,0.478644191686138
247,2011,0.476448753931096
247,2012,0.470571199792626
247,2013,0.442949990529762
247,2014,0.436419362775606
247,2015,0.423999983742421
247,2016,0.405448879982337
247,2017,0.361906088638652
248,2001,0.583939407446066
248,2002,0.520977311594456
248,2003,0.503790711884788
248,2004,0.485008797862098
248,2005,0.468432734478544
248,2006,0.464478058403255
248,2007,0.479858504238163
248,2008,0.496911056054356
248,2009,0.511231993952114
248,2010,0.523509979632964
248,2011,0.541570999368145
248,2012,0.544705139998251
248,2013,0.528536065417914
248,2014,0.526987730163138
248,2015,0.534585936238473
248,2016,0.549335095628932
248,2017,0.565233318427374
249,2001,0.510962715822023
249,2002,0.49848338508032
249,2003,0.486929362889895
249,2004,0.47664703937227
249,2005,0.462817983458662
249,2006,0.467879757095153
249,2007,0.501767631401604
249,2008,0.533120663269117
249,2009,0.551517353222131
249,2010,0.563037007875588
249,2011,0.584936363876757
249,2012,0.573185948795303
249,2013,0.515848527117521
249,2014,0.488168671694846
249,2015,0.476032290691567
249,2016,0.47379120747172
249,2017,0.48074687122477
250,2001,0.637668108546247
250,2002,0.59497689821668
250,2003,0.578676606709214
250,2004,0.559238656129104
250,2005,0.535769892872995
250,2006,0.524312045178443
250,2007,0.530522048975655
250,2008,0.539138419546995
250,2009,0.543640519188552
250,2010,0.544858271779574
250,2011,0.548028813346344
250,2012,0.53697016389926
250,2013,0.51174289196621
250,2014,0.499533428128512
250,2015,0.499345774025637
250,2016,0.508729849812684
250,2017,0.523052106276589
